id	name	description	code	uniqueCode	isActive	categoryCode	type	hunterCode	createdAt	updatedAt
1	TRANSPORT	TRANSPORT	1	TU_INDUSTRY1	0	NULL	TU_INDUSTRY	NULL	NULL	NULL
2	2 and 3 WHEELERS	2 and 3 WHEELERS	2	TU_INDUSTRY2	0	NULL	TU_INDUSTRY	NULL	NULL	NULL
3	ABRASIVES and GRINDING	ABRASIVES and GRINDING	3	TU_INDUSTRY3	0	NULL	TU_INDUSTRY	NULL	NULL	NULL
4	ALUMINUM and ALUMINUM PRODUCTS - WIRES and FOILS	ALUMINUM and ALUMINUM PRODUCTS - WIRES and FOILS	4	TU_INDUSTRY4	0	NULL	TU_INDUSTRY	NULL	NULL	NULL
5	ARCHITECT FIRMS	ARCHITECT FIRMS	5	TU_INDUSTRY5	0	NULL	TU_INDUSTRY	NULL	NULL	NULL
6	ALUMINUM and ALUMINUM PRODUCTS - EXTRUDED PRODUCTS	ALUMINUM and ALUMINUM PRODUCTS - EXTRUDED PRODUCTS	6	TU_INDUSTRY6	0	NULL	TU_INDUSTRY	NULL	NULL	NULL
7	AUTO ANCILLARIES -GENERAL	AUTO ANCILLARIES -GENERAL	7	TU_INDUSTRY7	0	NULL	TU_INDUSTRY	NULL	NULL	NULL
8	AUTO ANCILLARIES -RUBBER	AUTO ANCILLARIES -RUBBER	8	TU_INDUSTRY8	0	NULL	TU_INDUSTRY	NULL	NULL	NULL
9	AUTO ANCILLARIES -AXIES	AUTO ANCILLARIES -AXIES	9	TU_INDUSTRY9	0	NULL	TU_INDUSTRY	NULL	NULL	NULL
10	AUTO ANCILLARIES -LIGHTING	AUTO ANCILLARIES -LIGHTING	10	TU_INDUSTRY10	0	NULL	TU_INDUSTRY	NULL	NULL	NULL
11	AUTO ANCILLARIES -CLUTCHES, GEARS and BRAKES	AUTO ANCILLARIES -CLUTCHES, GEARS and BRAKES	11	TU_INDUSTRY11	0	NULL	TU_INDUSTRY	NULL	NULL	NULL
12	BAKERY SWEETS - WITH OWN RETAIL SHOP	BAKERY SWEETS - WITH OWN RETAIL SHOP	12	TU_INDUSTRY12	0	NULL	TU_INDUSTRY	NULL	NULL	NULL
13	BAKERY SWEETS - WITH RENTED RETAIL SHOP	BAKERY SWEETS - WITH RENTED RETAIL SHOP	13	TU_INDUSTRY13	0	NULL	TU_INDUSTRY	NULL	NULL	NULL
14	BAKERY SWEETS - NO RETAIL SHOP	BAKERY SWEETS - NO RETAIL SHOP	14	TU_INDUSTRY14	0	NULL	TU_INDUSTRY	NULL	NULL	NULL
15	BEARINGS	BEARINGS	15	TU_INDUSTRY15	0	NULL	TU_INDUSTRY	NULL	NULL	NULL
16	BATHROOM FITTINGS- UNBRANDED	BATHROOM FITTINGS- UNBRANDED	16	TU_INDUSTRY16	0	NULL	TU_INDUSTRY	NULL	NULL	NULL
17	BATHROOM FITTINGS- BRANDED	BATHROOM FITTINGS- BRANDED	17	TU_INDUSTRY17	0	NULL	TU_INDUSTRY	NULL	NULL	NULL
18	BIOTECH	BIOTECH	18	TU_INDUSTRY18	0	NULL	TU_INDUSTRY	NULL	NULL	NULL
19	BOTTLED WATER	BOTTLED WATER	19	TU_INDUSTRY19	0	NULL	TU_INDUSTRY	NULL	NULL	NULL
20	BREWERIES	BREWERIES	20	TU_INDUSTRY20	0	NULL	TU_INDUSTRY	NULL	NULL	NULL
21	DISTILLERIES	DISTILLERIES	21	TU_INDUSTRY21	0	NULL	TU_INDUSTRY	NULL	NULL	NULL
22	BROKERAGE HOUSES	BROKERAGE HOUSES	22	TU_INDUSTRY22	0	NULL	TU_INDUSTRY	NULL	NULL	NULL
23	CAR RENTAL SERVICES	CAR RENTAL SERVICES	23	TU_INDUSTRY23	0	NULL	TU_INDUSTRY	NULL	NULL	NULL
24	CASTINGS and FORGINGS	CASTINGS and FORGINGS	24	TU_INDUSTRY24	0	NULL	TU_INDUSTRY	NULL	NULL	NULL
25	CEMENT SHEET	CEMENT SHEET	25	TU_INDUSTRY25	0	NULL	TU_INDUSTRY	NULL	NULL	NULL
26	CERAMICS TILES and SANITARY WARES	CERAMICS TILES and SANITARY WARES	26	TU_INDUSTRY26	0	NULL	TU_INDUSTRY	NULL	NULL	NULL
27	CLOCKS andWATCHES	CLOCKS andWATCHES	27	TU_INDUSTRY27	0	NULL	TU_INDUSTRY	NULL	NULL	NULL
28	COFFEE - TRADER	COFFEE - TRADER	28	TU_INDUSTRY28	0	NULL	TU_INDUSTRY	NULL	NULL	NULL
29	COFFEE - CURING WORKS	COFFEE - CURING WORKS	29	TU_INDUSTRY29	0	NULL	TU_INDUSTRY	NULL	NULL	NULL
30	COMPRESSORS	COMPRESSORS	30	TU_INDUSTRY30	0	NULL	TU_INDUSTRY	NULL	NULL	NULL
31	COMPUTER - EDUCATION	COMPUTER - EDUCATION	31	TU_INDUSTRY31	0	NULL	TU_INDUSTRY	NULL	NULL	NULL
32	COMPUTER HARDWARE - RETAILER	COMPUTER HARDWARE - RETAILER	32	TU_INDUSTRY32	0	NULL	TU_INDUSTRY	NULL	NULL	NULL
33	COMPUTER HARDWARE - ASSEMBLER	COMPUTER HARDWARE - ASSEMBLER	33	TU_INDUSTRY33	0	NULL	TU_INDUSTRY	NULL	NULL	NULL
34	COMPUTER HARDWARE - COMPONENTS/SPARE PARTS DEALER	COMPUTER HARDWARE - COMPONENTS/SPARE PARTS DEALER	34	TU_INDUSTRY34	0	NULL	TU_INDUSTRY	NULL	NULL	NULL
35	COMPUTER HARDWARE - UNBRANDED HARDWARE	COMPUTER HARDWARE - UNBRANDED HARDWARE	35	TU_INDUSTRY35	0	NULL	TU_INDUSTRY	NULL	NULL	NULL
36	CONFECTIONERY- BRANDED	CONFECTIONERY- BRANDED	37	TU_INDUSTRY37	0	NULL	TU_INDUSTRY	NULL	NULL	NULL
37	COPPER and COPPER PRODUCTS	COPPER and COPPER PRODUCTS	39	TU_INDUSTRY39	0	NULL	TU_INDUSTRY	NULL	NULL	NULL
38	CYCLE and ACCESSORIES	CYCLE and ACCESSORIES	41	TU_INDUSTRY41	0	NULL	TU_INDUSTRY	NULL	NULL	NULL
39	DRUGS and PHARMACEUTICALS . BULK DRUG/APL	DRUGS and PHARMACEUTICALS . BULK DRUG/APL	43	TU_INDUSTRY43	0	NULL	TU_INDUSTRY	NULL	NULL	NULL
40	DRUGS and PHARMACEUTICALS . RESEARCH	DRUGS and PHARMACEUTICALS . RESEARCH	45	TU_INDUSTRY45	0	NULL	TU_INDUSTRY	NULL	NULL	NULL
41	DRUGS and PHARMACEUTICALS . RETAILER	DRUGS and PHARMACEUTICALS . RETAILER	47	TU_INDUSTRY47	0	NULL	TU_INDUSTRY	NULL	NULL	NULL
42	DRUGS and PHARMACEUTICALS . EXPORTER	DRUGS and PHARMACEUTICALS . EXPORTER	48	TU_INDUSTRY48	0	NULL	TU_INDUSTRY	NULL	NULL	NULL
43	EDUCATION CONSULTING	EDUCATION CONSULTING	50	TU_INDUSTRY50	0	NULL	TU_INDUSTRY	NULL	NULL	NULL
44	ELECTRICAL APPLIANCES/COMPONENTS - BRANDED	ELECTRICAL APPLIANCES/COMPONENTS - BRANDED	52	TU_INDUSTRY52	0	NULL	TU_INDUSTRY	NULL	NULL	NULL
45	ELECTRICAL APPLIANCES/COMPONENTS- COMPONENTS SPARE PART DEALER	ELECTRICAL APPLIANCES/COMPONENTS- COMPONENTS SPARE PART DEALER	53	TU_INDUSTRY53	0	NULL	TU_INDUSTRY	NULL	NULL	NULL
46	CONSUMER ELECTRONICS -  COMPONENTS SPARE PART DEALER	CONSUMER ELECTRONICS -  COMPONENTS SPARE PART DEALER	55	TU_INDUSTRY55	0	NULL	TU_INDUSTRY	NULL	NULL	NULL
47	CONSUMER ELECTRONICS - BRANDED GOODS	CONSUMER ELECTRONICS - BRANDED GOODS	56	TU_INDUSTRY56	0	NULL	TU_INDUSTRY	NULL	NULL	NULL
48	PLASTIC and PLASTIC PRODUCTS - ENGINEERING	PLASTIC and PLASTIC PRODUCTS - ENGINEERING	59	TU_INDUSTRY59	0	NULL	TU_INDUSTRY	NULL	NULL	NULL
49	PLASTIC and PLASTIC PRODUCTS - BRANDED	PLASTIC and PLASTIC PRODUCTS - BRANDED	60	TU_INDUSTRY60	0	NULL	TU_INDUSTRY	NULL	NULL	NULL
50	FLORICULTURE	FLORICULTURE	62	TU_INDUSTRY62	0	NULL	TU_INDUSTRY	NULL	NULL	NULL
51	FOOTWEAR	FOOTWEAR	63	TU_INDUSTRY63	0	NULL	TU_INDUSTRY	NULL	NULL	NULL
52	HOME FURNITURE and FURNISHING - MANUFACTURE	HOME FURNITURE and FURNISHING - MANUFACTURE	66	TU_INDUSTRY66	0	NULL	TU_INDUSTRY	NULL	NULL	NULL
53	GLASS and GLASS PRODUCTS - TABLEWARE	GLASS and GLASS PRODUCTS - TABLEWARE	67	TU_INDUSTRY67	0	NULL	TU_INDUSTRY	NULL	NULL	NULL
54	GLASS and GLASS PRODUCTS - LAB WARE	GLASS and GLASS PRODUCTS - LAB WARE	68	TU_INDUSTRY68	0	NULL	TU_INDUSTRY	NULL	NULL	NULL
55	GOOD TRANSPORT SERVICES -HIRE VEHICLES	GOOD TRANSPORT SERVICES -HIRE VEHICLES	70	TU_INDUSTRY70	0	NULL	TU_INDUSTRY	NULL	NULL	NULL
56	HEALTH CENTERS/ HOSPITALS - SECONDARY	HEALTH CENTERS/ HOSPITALS - SECONDARY	72	TU_INDUSTRY72	0	NULL	TU_INDUSTRY	NULL	NULL	NULL
57	HEALTH CENTRE/HOSPITALS TERTIARY	HEALTH CENTRE/HOSPITALS TERTIARY	73	TU_INDUSTRY73	0	NULL	TU_INDUSTRY	NULL	NULL	NULL
58	ITES/ CALL. CENTER- BPO	ITES/ CALL. CENTER- BPO	76	TU_INDUSTRY76	0	NULL	TU_INDUSTRY	NULL	NULL	NULL
59	LCVS HCVS - COMMERCIAL VEHICLES DEALER	LCVS HCVS - COMMERCIAL VEHICLES DEALER	78	TU_INDUSTRY78	0	NULL	TU_INDUSTRY	NULL	NULL	NULL
60	LUBRICANTS - BRANDED	LUBRICANTS - BRANDED	80	TU_INDUSTRY80	0	NULL	TU_INDUSTRY	NULL	NULL	NULL
61	LUGGAGE - UNBRANDED	LUGGAGE - UNBRANDED	82	TU_INDUSTRY82	0	NULL	TU_INDUSTRY	NULL	NULL	NULL
62	MACHINE TOOLS	MACHINE TOOLS	84	TU_INDUSTRY84	0	NULL	TU_INDUSTRY	NULL	NULL	NULL
63	MARBLE and GRANITE-GANG SAW UNITS	MARBLE and GRANITE-GANG SAW UNITS	86	TU_INDUSTRY86	0	NULL	TU_INDUSTRY	NULL	NULL	NULL
64	MARBLE and GRANITE -DOMESTIC	MARBLE and GRANITE -DOMESTIC	88	TU_INDUSTRY88	0	NULL	TU_INDUSTRY	NULL	NULL	NULL
65	MATERIAL HANDLING EQUIPMENTS	MATERIAL HANDLING EQUIPMENTS	90	TU_INDUSTRY90	0	NULL	TU_INDUSTRY	NULL	NULL	NULL
66	MEDICAL SUPPLIES - SL	MEDICAL SUPPLIES - SL	92	TU_INDUSTRY92	0	NULL	TU_INDUSTRY	NULL	NULL	NULL
67	MILLING PRODUCTS	MILLING PRODUCTS	94	TU_INDUSTRY94	0	NULL	TU_INDUSTRY	NULL	NULL	NULL
68	OFFICE STATIONERY -DOMESTIC	OFFICE STATIONERY -DOMESTIC	96	TU_INDUSTRY96	0	NULL	TU_INDUSTRY	NULL	NULL	NULL
69	OIL DRILLING and ALLIED SERVICES	OIL DRILLING and ALLIED SERVICES	98	TU_INDUSTRY98	0	NULL	TU_INDUSTRY	NULL	NULL	NULL
70	PACKAGING - MACHINE MFG	PACKAGING - MACHINE MFG	101	TU_INDUSTRY101	0	NULL	TU_INDUSTRY	NULL	NULL	NULL
71	PACKAGING- PLASTIC CONTAINERS	PACKAGING- PLASTIC CONTAINERS	102	TU_INDUSTRY102	0	NULL	TU_INDUSTRY	NULL	NULL	NULL
72	PACKAGING - PAPER PACKAGING	PACKAGING - PAPER PACKAGING	104	TU_INDUSTRY104	0	NULL	TU_INDUSTRY	NULL	NULL	NULL
73	PAINTS and VARNISHES	PAINTS and VARNISHES	106	TU_INDUSTRY106	0	NULL	TU_INDUSTRY	NULL	NULL	NULL
74	PASSENGER CAR DEALERS	PASSENGER CAR DEALERS	108	TU_INDUSTRY108	0	NULL	TU_INDUSTRY	NULL	NULL	NULL
75	PHARMA MACHINERY	PHARMA MACHINERY	110	TU_INDUSTRY110	0	NULL	TU_INDUSTRY	NULL	NULL	NULL
76	POLLUTION CONTROL	POLLUTION CONTROL	112	TU_INDUSTRY112	0	NULL	TU_INDUSTRY	NULL	NULL	NULL
77	POULTRY and MEAT PRODUCTS - HATCHERY	POULTRY and MEAT PRODUCTS - HATCHERY	115	TU_INDUSTRY115	0	NULL	TU_INDUSTRY	NULL	NULL	NULL
78	PRECISION DIES and PARTS	PRECISION DIES and PARTS	117	TU_INDUSTRY117	0	NULL	TU_INDUSTRY	NULL	NULL	NULL
79	PUBLIC RELATIONS	PUBLIC RELATIONS	118	TU_INDUSTRY118	0	NULL	TU_INDUSTRY	NULL	NULL	NULL
80	REFRACTORIES and INTERMEDIATES	REFRACTORIES and INTERMEDIATES	121	TU_INDUSTRY121	0	NULL	TU_INDUSTRY	NULL	NULL	NULL
81	NON ALCOHOLIC BEVERAGES	NON ALCOHOLIC BEVERAGES	123	TU_INDUSTRY123	0	NULL	TU_INDUSTRY	NULL	NULL	NULL
82	SOYA BEAN PRODUCTS	SOYA BEAN PRODUCTS	125	TU_INDUSTRY125	0	NULL	TU_INDUSTRY	NULL	NULL	NULL
83	SPICES/DRY FRUITS - SPICES	SPICES/DRY FRUITS - SPICES	127	TU_INDUSTRY127	0	NULL	TU_INDUSTRY	NULL	NULL	NULL
84	SPICES/ DRY FRUITS - PACKAGED SPICES	SPICES/ DRY FRUITS - PACKAGED SPICES	129	TU_INDUSTRY129	0	NULL	TU_INDUSTRY	NULL	NULL	NULL
85	STARCHES	STARCHES	131	TU_INDUSTRY131	0	NULL	TU_INDUSTRY	NULL	NULL	NULL
86	STORAGE BATTERIES	STORAGE BATTERIES	133	TU_INDUSTRY133	0	NULL	TU_INDUSTRY	NULL	NULL	NULL
87	TAX and AUDIT	TAX and AUDIT	136	TU_INDUSTRY136	0	NULL	TU_INDUSTRY	NULL	NULL	NULL
88	TELECOM DISTRIBUTOR - ACCESSORIES	TELECOM DISTRIBUTOR - ACCESSORIES	138	TU_INDUSTRY138	0	NULL	TU_INDUSTRY	NULL	NULL	NULL
89	TELECOM NETWORKING EQUIPMENT	TELECOM NETWORKING EQUIPMENT	139	TU_INDUSTRY139	0	NULL	TU_INDUSTRY	NULL	NULL	NULL
90	TRACTORS DEALERS	TRACTORS DEALERS	142	TU_INDUSTRY142	0	NULL	TU_INDUSTRY	NULL	NULL	NULL
91	TOURS and TRAVEL SERVICES -IATA COMMISSION	TOURS and TRAVEL SERVICES -IATA COMMISSION	144	TU_INDUSTRY144	0	NULL	TU_INDUSTRY	NULL	NULL	NULL
92	WELDING ELECTRODES and. MACHINERY -ELECTRODES	WELDING ELECTRODES and. MACHINERY -ELECTRODES	146	TU_INDUSTRY146	0	NULL	TU_INDUSTRY	NULL	NULL	NULL
93	WELDING ELECTRODES and MACHINERY- MACHINES	WELDING ELECTRODES and MACHINERY- MACHINES	147	TU_INDUSTRY147	0	NULL	TU_INDUSTRY	NULL	NULL	NULL
94	OTHER INDUSTRIES	OTHER INDUSTRIES	150	TU_INDUSTRY150	0	NULL	TU_INDUSTRY	NULL	NULL	NULL
95	FMCG FOOD PRODUCT	FMCG FOOD PRODUCT	152	TU_INDUSTRY152	0	NULL	TU_INDUSTRY	NULL	NULL	NULL
96	CONSTRUCTION	CONSTRUCTION	155	TU_INDUSTRY155	0	NULL	TU_INDUSTRY	NULL	NULL	NULL
97	COURIER	COURIER	157	TU_INDUSTRY157	0	NULL	TU_INDUSTRY	NULL	NULL	NULL
98	IRON AND STEEL.	IRON AND STEEL.	160	TU_INDUSTRY160	0	NULL	TU_INDUSTRY	NULL	NULL	NULL
99	MEDIA	MEDIA	163	TU_INDUSTRY163	0	NULL	TU_INDUSTRY	NULL	NULL	NULL
100	RUBBER INDUSTRY	RUBBER INDUSTRY	164	TU_INDUSTRY164	0	NULL	TU_INDUSTRY	NULL	NULL	NULL
101	TYRES	TYRES	167	TU_INDUSTRY167	0	NULL	TU_INDUSTRY	NULL	NULL	NULL
102	APPARELS	APPARELS	169	TU_INDUSTRY169	0	NULL	TU_INDUSTRY	NULL	NULL	NULL
103	COMMISSION AND BROKERAGE	COMMISSION AND BROKERAGE	171	TU_INDUSTRY171	0	NULL	TU_INDUSTRY	NULL	NULL	NULL
104	COST ACCOUNTANT	COST ACCOUNTANT	172	TU_INDUSTRY172	0	NULL	TU_INDUSTRY	NULL	NULL	NULL
105	AVIATION	AVIATION	173	TU_INDUSTRY173	0	NULL	TU_INDUSTRY	NULL	NULL	NULL
106	CHARTERED ACCOUNTANT	CHARTERED ACCOUNTANT	174	TU_INDUSTRY174	0	NULL	TU_INDUSTRY	NULL	NULL	NULL
107	DAIMOND INDUSTRY	DAIMOND INDUSTRY	175	TU_INDUSTRY175	0	NULL	TU_INDUSTRY	NULL	NULL	NULL
108	VBUILDING MATERIAL SUPPLIER	VBUILDING MATERIAL SUPPLIER	176	TU_INDUSTRY176	0	NULL	TU_INDUSTRY	NULL	NULL	NULL
109	COLLECTION AGENCY	COLLECTION AGENCY	177	TU_INDUSTRY177	0	NULL	TU_INDUSTRY	NULL	NULL	NULL
110	VERIFICATION AGENCY	VERIFICATION AGENCY	178	TU_INDUSTRY178	0	NULL	TU_INDUSTRY	NULL	NULL	NULL
111	PETROCHEMICAL	PETROCHEMICAL	179	TU_INDUSTRY179	0	NULL	TU_INDUSTRY	NULL	NULL	NULL
112	HOSPITALS	HOSPITALS	180	TU_INDUSTRY180	0	NULL	TU_INDUSTRY	NULL	NULL	NULL
113	TEXTILE	TEXTILE	181	TU_INDUSTRY181	0	NULL	TU_INDUSTRY	NULL	NULL	NULL
114	DOCTOR	DOCTOR	182	TU_INDUSTRY182	0	NULL	TU_INDUSTRY	NULL	NULL	NULL
115	SERVICE CLASS EMPLOYEE	SERVICE CLASS EMPLOYEE	183	TU_INDUSTRY183	0	NULL	TU_INDUSTRY	NULL	NULL	NULL
116	SMALL TRADER	SMALL TRADER	184	TU_INDUSTRY184	0	NULL	TU_INDUSTRY	NULL	NULL	NULL
117	BAR OWNERS	BAR OWNERS	185	TU_INDUSTRY185	0	NULL	TU_INDUSTRY	NULL	NULL	NULL
118	TIME SHARING	TIME SHARING	186	TU_INDUSTRY186	0	NULL	TU_INDUSTRY	NULL	NULL	NULL
119	LAW FIRM	LAW FIRM	187	TU_INDUSTRY187	0	NULL	TU_INDUSTRY	NULL	NULL	NULL
120	ENGINEERING	ENGINEERING	188	TU_INDUSTRY188	0	NULL	TU_INDUSTRY	NULL	NULL	NULL
121	EXPORT/IMPORT	EXPORT/IMPORT	189	TU_INDUSTRY189	0	NULL	TU_INDUSTRY	NULL	NULL	NULL
122	HARDWARE	HARDWARE	190	TU_INDUSTRY190	0	NULL	TU_INDUSTRY	NULL	NULL	NULL
123	INFORMATION TECHNOLOGY	INFORMATION TECHNOLOGY	191	TU_INDUSTRY191	0	NULL	TU_INDUSTRY	NULL	NULL	NULL
124	BUSINESSMAN	BUSINESSMAN	192	TU_INDUSTRY192	0	NULL	TU_INDUSTRY	NULL	NULL	NULL
125	CONSULTANTS	CONSULTANTS	193	TU_INDUSTRY193	0	NULL	TU_INDUSTRY	NULL	NULL	NULL
126	CHEMICALS	CHEMICALS	194	TU_INDUSTRY194	0	NULL	TU_INDUSTRY	NULL	NULL	NULL
127	COMPUTER HARDWARE	COMPUTER HARDWARE	195	TU_INDUSTRY195	0	NULL	TU_INDUSTRY	NULL	NULL	NULL
128	EDUCATION	EDUCATION	196	TU_INDUSTRY196	0	NULL	TU_INDUSTRY	NULL	NULL	NULL
129	BPO	BPO	197	TU_INDUSTRY197	0	NULL	TU_INDUSTRY	NULL	NULL	NULL
130	LABOR CONTRACTOR	LABOR CONTRACTOR	198	TU_INDUSTRY198	0	NULL	TU_INDUSTRY	NULL	NULL	NULL
131	RENTAL INCOME	RENTAL INCOME	199	TU_INDUSTRY199	0	NULL	TU_INDUSTRY	NULL	NULL	NULL
132	LOTTERY	LOTTERY	200	TU_INDUSTRY200	0	NULL	TU_INDUSTRY	NULL	NULL	NULL
133	GENERAL ITEMS	GENERAL ITEMS	201	TU_INDUSTRY201	0	NULL	TU_INDUSTRY	NULL	NULL	NULL
134	INTERIOR DECORATION	INTERIOR DECORATION	202	TU_INDUSTRY202	0	NULL	TU_INDUSTRY	NULL	NULL	NULL
135	FOOD & BEVERAGE	FOOD & BEVERAGE	203	TU_INDUSTRY203	0	NULL	TU_INDUSTRY	NULL	NULL	NULL
136	FACTORY WORKER	FACTORY WORKER	204	TU_INDUSTRY204	0	NULL	TU_INDUSTRY	NULL	NULL	NULL
137	COMPANY SECRETARY	COMPANY SECRETARY	205	TU_INDUSTRY205	0	NULL	TU_INDUSTRY	NULL	NULL	NULL
138	COMPUTER SOFTWARE	COMPUTER SOFTWARE	206	TU_INDUSTRY206	0	NULL	TU_INDUSTRY	NULL	NULL	NULL
139	BANKING	BANKING	207	TU_INDUSTRY207	0	NULL	TU_INDUSTRY	NULL	NULL	NULL
140	FMCG	FMCG	208	TU_INDUSTRY208	0	NULL	TU_INDUSTRY	NULL	NULL	NULL
141	FURNITURE	FURNITURE	209	TU_INDUSTRY209	0	NULL	TU_INDUSTRY	NULL	NULL	NULL
142	HEALTH CARE	HEALTH CARE	210	TU_INDUSTRY210	0	NULL	TU_INDUSTRY	NULL	NULL	NULL
143	MARKET RESEARCH	MARKET RESEARCH	211	TU_INDUSTRY211	0	NULL	TU_INDUSTRY	NULL	NULL	NULL
144	REAL ESTATE	REAL ESTATE	212	TU_INDUSTRY212	0	NULL	TU_INDUSTRY	NULL	NULL	NULL
145	TELECOM	TELECOM	213	TU_INDUSTRY213	0	NULL	TU_INDUSTRY	NULL	NULL	NULL
146	BLUE COLLAR WORKERS	BLUE COLLAR WORKERS	214	TU_INDUSTRY214	0	NULL	TU_INDUSTRY	NULL	NULL	NULL
147	INDUSTRIALIST	INDUSTRIALIST	215	TU_INDUSTRY215	0	NULL	TU_INDUSTRY	NULL	NULL	NULL
148	LAWYER	LAWYER	216	TU_INDUSTRY216	0	NULL	TU_INDUSTRY	NULL	NULL	NULL
149	AGRO	AGRO	217	TU_INDUSTRY217	0	NULL	TU_INDUSTRY	NULL	NULL	NULL
150	AUTOMOBILE	AUTOMOBILE	218	TU_INDUSTRY218	0	NULL	TU_INDUSTRY	NULL	NULL	NULL
151	CARGO AND SHIPPING	CARGO AND SHIPPING	219	TU_INDUSTRY219	0	NULL	TU_INDUSTRY	NULL	NULL	NULL
152	INVESTMENT INCOME	INVESTMENT INCOME	220	TU_INDUSTRY220	0	NULL	TU_INDUSTRY	NULL	NULL	NULL
153	CIVIL CONTRACTOR	CIVIL CONTRACTOR	221	TU_INDUSTRY221	0	NULL	TU_INDUSTRY	NULL	NULL	NULL
154	CHIT FUND	CHIT FUND	222	TU_INDUSTRY222	0	NULL	TU_INDUSTRY	NULL	NULL	NULL
155	GEMS AND JEWELLERY	GEMS AND JEWELLERY	223	TU_INDUSTRY223	0	NULL	TU_INDUSTRY	NULL	NULL	NULL
156	ENTERTAINMENT/MEDIA	ENTERTAINMENT/MEDIA	224	TU_INDUSTRY224	0	NULL	TU_INDUSTRY	NULL	NULL	NULL
157	HOTEL/RESTAURANT	HOTEL/RESTAURANT	225	TU_INDUSTRY225	0	NULL	TU_INDUSTRY	NULL	NULL	NULL
158	HOUSEKEEPING	HOUSEKEEPING	226	TU_INDUSTRY226	0	NULL	TU_INDUSTRY	NULL	NULL	NULL
159	PLANNING AND ARCHITECTURE	PLANNING AND ARCHITECTURE	227	TU_INDUSTRY227	0	NULL	TU_INDUSTRY	NULL	NULL	NULL
160	FUTURE GROUP EMPLOYEE	FUTURE GROUP EMPLOYEE	228	TU_INDUSTRY228	0	NULL	TU_INDUSTRY	NULL	NULL	NULL
161	650	650	229	TU_INDUSTRY229	0	NULL	TU_INDUSTRY	NULL	NULL	NULL
162	WINE SHOP	WINE SHOP	230	TU_INDUSTRY230	0	NULL	TU_INDUSTRY	NULL	NULL	NULL
163	BUILDERS	BUILDERS	231	TU_INDUSTRY231	0	NULL	TU_INDUSTRY	NULL	NULL	NULL
164	DIRECT SALES AGENTS	DIRECT SALES AGENTS	232	TU_INDUSTRY232	0	NULL	TU_INDUSTRY	NULL	NULL	NULL
165	ELECTRICAL	ELECTRICAL	233	TU_INDUSTRY233	0	NULL	TU_INDUSTRY	NULL	NULL	NULL
166	PHARMACEUTICAL	PHARMACEUTICAL	234	TU_INDUSTRY234	0	NULL	TU_INDUSTRY	NULL	NULL	NULL
167	SECURITY	SECURITY	235	TU_INDUSTRY235	0	NULL	TU_INDUSTRY	NULL	NULL	NULL
168	SHARE BROKERAGE	SHARE BROKERAGE	236	TU_INDUSTRY236	0	NULL	TU_INDUSTRY	NULL	NULL	NULL
169	AGRICULTURE	AGRICULTURE	237	TU_INDUSTRY237	0	NULL	TU_INDUSTRY	NULL	NULL	NULL
170	LIQUOR DEALING	LIQUOR DEALING	238	TU_INDUSTRY238	0	NULL	TU_INDUSTRY	NULL	NULL	NULL
171	FILM INDUSTRY	FILM INDUSTRY	239	TU_INDUSTRY239	0	NULL	TU_INDUSTRY	NULL	NULL	NULL
172	ELECTRONICS	ELECTRONICS	240	TU_INDUSTRY240	0	NULL	TU_INDUSTRY	NULL	NULL	NULL
173	HOSPITALITY	HOSPITALITY	241	TU_INDUSTRY241	0	NULL	TU_INDUSTRY	NULL	NULL	NULL
174	POWER/ELECTRICITY	POWER/ELECTRICITY	242	TU_INDUSTRY242	0	NULL	TU_INDUSTRY	NULL	NULL	NULL
175	SHOP KEEPER	SHOP KEEPER	243	TU_INDUSTRY243	0	NULL	TU_INDUSTRY	NULL	NULL	NULL
176	WHITE COLLAR EMPLOYEE	WHITE COLLAR EMPLOYEE	244	TU_INDUSTRY244	0	NULL	TU_INDUSTRY	NULL	NULL	NULL
177	ARTISAN AND CRAFTSMAN	ARTISAN AND CRAFTSMAN	245	TU_INDUSTRY245	0	NULL	TU_INDUSTRY	NULL	NULL	NULL
178	FINANCIAL SERVICES	FINANCIAL SERVICES	246	TU_INDUSTRY246	0	NULL	TU_INDUSTRY	NULL	NULL	NULL
179	INSURANCE	INSURANCE	247	TU_INDUSTRY247	0	NULL	TU_INDUSTRY	NULL	NULL	NULL
180	OTHERS	OTHERS	248	TU_INDUSTRY248	0	NULL	TU_INDUSTRY	NULL	NULL	NULL
181	TEMPORARY/CONTRACTUAL WORKER	TEMPORARY/CONTRACTUAL WORKER	249	TU_INDUSTRY249	0	NULL	TU_INDUSTRY	NULL	NULL	NULL
182	INDUSTRIAL GASES	INDUSTRIAL GASES	690	TU_INDUSTRY690	1	NULL	TU_INDUSTRY	NULL	NULL	NULL
183	REFINERY	REFINERY	691	TU_INDUSTRY691	1	NULL	TU_INDUSTRY	NULL	NULL	NULL
184	LEATHER AND LEATHER PRODUCT	LEATHER AND LEATHER PRODUCT	692	TU_INDUSTRY692	1	NULL	TU_INDUSTRY	NULL	NULL	NULL
185	ADVERTISING	ADVERTISING	693	TU_INDUSTRY693	1	NULL	TU_INDUSTRY	NULL	NULL	NULL
186	MEDIA	MEDIA	694	TU_INDUSTRY694	1	NULL	TU_INDUSTRY	NULL	NULL	NULL
187	ALUMINUM PRODUCTS - EXTRUDED PROD	ALUMINUM PRODUCTS - EXTRUDED PROD	695	TU_INDUSTRY695	1	NULL	TU_INDUSTRY	NULL	NULL	NULL
188	ALUMINUM - WIRES AND FOILS	ALUMINUM - WIRES AND FOILS	696	TU_INDUSTRY696	1	NULL	TU_INDUSTRY	NULL	NULL	NULL
189	CASTINGS AND FORGINGS	CASTINGS AND FORGINGS	697	TU_INDUSTRY697	1	NULL	TU_INDUSTRY	NULL	NULL	NULL
190	COPPER AND COPPER PRODUCTS	COPPER AND COPPER PRODUCTS	698	TU_INDUSTRY698	1	NULL	TU_INDUSTRY	NULL	NULL	NULL
191	IRON AND STEEL	IRON AND STEEL	699	TU_INDUSTRY699	1	NULL	TU_INDUSTRY	NULL	NULL	NULL
192	ALUMINUM PRODUCTS - OTHERS	ALUMINUM PRODUCTS - OTHERS	700	TU_INDUSTRY700	1	NULL	TU_INDUSTRY	NULL	NULL	NULL
193	FERRO ALLOYS PRODUCTS	FERRO ALLOYS PRODUCTS	701	TU_INDUSTRY701	1	NULL	TU_INDUSTRY	NULL	NULL	NULL
194	METALLOYS PRODUCTS	METALLOYS PRODUCTS	702	TU_INDUSTRY702	1	NULL	TU_INDUSTRY	NULL	NULL	NULL
195	NON METALLIC MINERAL PRODUCTS	NON METALLIC MINERAL PRODUCTS	703	TU_INDUSTRY703	1	NULL	TU_INDUSTRY	NULL	NULL	NULL
196	NON-FERROUS METALS	NON-FERROUS METALS	704	TU_INDUSTRY704	1	NULL	TU_INDUSTRY	NULL	NULL	NULL
197	MARBLE AND GRANITE - IMPORT/ EXPORT	MARBLE AND GRANITE - IMPORT/ EXPORT	705	TU_INDUSTRY705	1	NULL	TU_INDUSTRY	NULL	NULL	NULL
198	MARBLE AND GRANITE	MARBLE AND GRANITE	706	TU_INDUSTRY706	1	NULL	TU_INDUSTRY	NULL	NULL	NULL
199	MARBLE AND GRANITE -DOMESTIC	MARBLE AND GRANITE -DOMESTIC	707	TU_INDUSTRY707	1	NULL	TU_INDUSTRY	NULL	NULL	NULL
200	MARBLE AND GRANITE-GANG SAW UNITS	MARBLE AND GRANITE-GANG SAW UNITS	708	TU_INDUSTRY708	1	NULL	TU_INDUSTRY	NULL	NULL	NULL
201	COAL AND LIGNITE	COAL AND LIGNITE	709	TU_INDUSTRY709	1	NULL	TU_INDUSTRY	NULL	NULL	NULL
202	METALLIC MINERALS	METALLIC MINERALS	710	TU_INDUSTRY710	1	NULL	TU_INDUSTRY	NULL	NULL	NULL
203	MINERALS AND ENERGY SOURCES	MINERALS AND ENERGY SOURCES	711	TU_INDUSTRY711	1	NULL	TU_INDUSTRY	NULL	NULL	NULL
204	NON METALLIC MINERALS	NON METALLIC MINERALS	712	TU_INDUSTRY712	1	NULL	TU_INDUSTRY	NULL	NULL	NULL
205	OTHER INDUSTRIES	OTHER INDUSTRIES	713	TU_INDUSTRY713	1	NULL	TU_INDUSTRY	NULL	NULL	NULL
206	RENTING SERVICES	RENTING SERVICES	714	TU_INDUSTRY714	1	NULL	TU_INDUSTRY	NULL	NULL	NULL
207	PACKAGING - FOIL PACKAGING	PACKAGING - FOIL PACKAGING	715	TU_INDUSTRY715	1	NULL	TU_INDUSTRY	NULL	NULL	NULL
208	PACKAGING - GLASS CONTAINER	PACKAGING - GLASS CONTAINER	716	TU_INDUSTRY716	1	NULL	TU_INDUSTRY	NULL	NULL	NULL
209	PACKAGING - PAPER PACKAGING	PACKAGING - PAPER PACKAGING	717	TU_INDUSTRY717	1	NULL	TU_INDUSTRY	NULL	NULL	NULL
210	PACKAGING- PLASTIC CONTAINERS	PACKAGING- PLASTIC CONTAINERS	718	TU_INDUSTRY718	1	NULL	TU_INDUSTRY	NULL	NULL	NULL
211	GAS CYLINDERS / CONTAINERS	GAS CYLINDERS / CONTAINERS	719	TU_INDUSTRY719	1	NULL	TU_INDUSTRY	NULL	NULL	NULL
212	PAINTS AND VARNISHES	PAINTS AND VARNISHES	720	TU_INDUSTRY720	1	NULL	TU_INDUSTRY	NULL	NULL	NULL
213	PAPER AND PAPER PRODUCTS	PAPER AND PAPER PRODUCTS	721	TU_INDUSTRY721	1	NULL	TU_INDUSTRY	NULL	NULL	NULL
214	LUBRICANTS - BRANDED	LUBRICANTS - BRANDED	722	TU_INDUSTRY722	1	NULL	TU_INDUSTRY	NULL	NULL	NULL
215	LUBRICANTS -UNBRANDED	LUBRICANTS -UNBRANDED	723	TU_INDUSTRY723	1	NULL	TU_INDUSTRY	NULL	NULL	NULL
216	LPG STORAGE AND DISTRIBUTION	LPG STORAGE AND DISTRIBUTION	724	TU_INDUSTRY724	1	NULL	TU_INDUSTRY	NULL	NULL	NULL
217	PLASTIC PRODUCTS - BRANDED	PLASTIC PRODUCTS - BRANDED	725	TU_INDUSTRY725	1	NULL	TU_INDUSTRY	NULL	NULL	NULL
218	PLASTIC PRODUCTS - COMMERCIAL	PLASTIC PRODUCTS - COMMERCIAL	726	TU_INDUSTRY726	1	NULL	TU_INDUSTRY	NULL	NULL	NULL
219	PLASTIC PRODUCTS - ENGINEERING	PLASTIC PRODUCTS - ENGINEERING	727	TU_INDUSTRY727	1	NULL	TU_INDUSTRY	NULL	NULL	NULL
220	PLASTIC  - UNBRANDED	PLASTIC  - UNBRANDED	728	TU_INDUSTRY728	1	NULL	TU_INDUSTRY	NULL	NULL	NULL
221	FILM	FILM	729	TU_INDUSTRY729	1	NULL	TU_INDUSTRY	NULL	NULL	NULL
222	PLASTIC - HOUSEHOLD	PLASTIC - HOUSEHOLD	730	TU_INDUSTRY730	1	NULL	TU_INDUSTRY	NULL	NULL	NULL
223	POLYESTER FILM	POLYESTER FILM	731	TU_INDUSTRY731	1	NULL	TU_INDUSTRY	NULL	NULL	NULL
224	ARCHITECT FIRMS	ARCHITECT FIRMS	732	TU_INDUSTRY732	1	NULL	TU_INDUSTRY	NULL	NULL	NULL
225	LEGAL SERVICES	LEGAL SERVICES	733	TU_INDUSTRY733	1	NULL	TU_INDUSTRY	NULL	NULL	NULL
226	OTHER PROFESSIONALS	OTHER PROFESSIONALS	734	TU_INDUSTRY734	1	NULL	TU_INDUSTRY	NULL	NULL	NULL
227	TAX AND AUDIT	TAX AND AUDIT	735	TU_INDUSTRY735	1	NULL	TU_INDUSTRY	NULL	NULL	NULL
228	TECHNICAL CONSULTANCY AND ENG SERV	TECHNICAL CONSULTANCY AND ENG SERV	736	TU_INDUSTRY736	1	NULL	TU_INDUSTRY	NULL	NULL	NULL
229	APPARELS	APPARELS	737	TU_INDUSTRY737	1	NULL	TU_INDUSTRY	NULL	NULL	NULL
230	MAINTENANCE OF BUILDINGS	MAINTENANCE OF BUILDINGS	738	TU_INDUSTRY738	1	NULL	TU_INDUSTRY	NULL	NULL	NULL
231	PLUMBING AND ALLIED SERVICES	PLUMBING AND ALLIED SERVICES	739	TU_INDUSTRY739	1	NULL	TU_INDUSTRY	NULL	NULL	NULL
232	REPAIR SERVICES	REPAIR SERVICES	740	TU_INDUSTRY740	1	NULL	TU_INDUSTRY	NULL	NULL	NULL
233	RUBBER INDUSTRY	RUBBER INDUSTRY	741	TU_INDUSTRY741	1	NULL	TU_INDUSTRY	NULL	NULL	NULL
234	CLOCKS ANDWATCHES	CLOCKS ANDWATCHES	742	TU_INDUSTRY742	1	NULL	TU_INDUSTRY	NULL	NULL	NULL
235	LUGGAGE - BRANDED	LUGGAGE - BRANDED	743	TU_INDUSTRY743	1	NULL	TU_INDUSTRY	NULL	NULL	NULL
236	LUGGAGE - UNBRANDED	LUGGAGE - UNBRANDED	744	TU_INDUSTRY744	1	NULL	TU_INDUSTRY	NULL	NULL	NULL
237	OIL DRILLING AND ALLIED SERVICES	OIL DRILLING AND ALLIED SERVICES	745	TU_INDUSTRY745	1	NULL	TU_INDUSTRY	NULL	NULL	NULL
238	OPTICIANS	OPTICIANS	746	TU_INDUSTRY746	1	NULL	TU_INDUSTRY	NULL	NULL	NULL
239	PHOTOGRAPHIC AND ALLIED PRODUCTS	PHOTOGRAPHIC AND ALLIED PRODUCTS	747	TU_INDUSTRY747	1	NULL	TU_INDUSTRY	NULL	NULL	NULL
240	POLLUTION CONTROL	POLLUTION CONTROL	748	TU_INDUSTRY748	1	NULL	TU_INDUSTRY	NULL	NULL	NULL
241	PUBLIC RELATIONS	PUBLIC RELATIONS	749	TU_INDUSTRY749	1	NULL	TU_INDUSTRY	NULL	NULL	NULL
242	DRY CELLS	DRY CELLS	750	TU_INDUSTRY750	1	NULL	TU_INDUSTRY	NULL	NULL	NULL
243	PHOTOCOPIERS AND SERVICES	PHOTOCOPIERS AND SERVICES	751	TU_INDUSTRY751	1	NULL	TU_INDUSTRY	NULL	NULL	NULL
244	RAZORS AND BLADES	RAZORS AND BLADES	752	TU_INDUSTRY752	1	NULL	TU_INDUSTRY	NULL	NULL	NULL
245	RESERVOIRS AND TANKS	RESERVOIRS AND TANKS	753	TU_INDUSTRY753	1	NULL	TU_INDUSTRY	NULL	NULL	NULL
246	SPORTS GOODS	SPORTS GOODS	754	TU_INDUSTRY754	1	NULL	TU_INDUSTRY	NULL	NULL	NULL
247	OFFICE STATIONERY - EXPORTS	OFFICE STATIONERY - EXPORTS	755	TU_INDUSTRY755	1	NULL	TU_INDUSTRY	NULL	NULL	NULL
248	OFFICE STATIONERY -DOMESTIC	OFFICE STATIONERY -DOMESTIC	756	TU_INDUSTRY756	1	NULL	TU_INDUSTRY	NULL	NULL	NULL
249	TELECOM DISTRIBUTOR - ACCESSORIES	TELECOM DISTRIBUTOR - ACCESSORIES	757	TU_INDUSTRY757	1	NULL	TU_INDUSTRY	NULL	NULL	NULL
250	TELECOM DISTRIBUTOR - HANDSETS	TELECOM DISTRIBUTOR - HANDSETS	758	TU_INDUSTRY758	1	NULL	TU_INDUSTRY	NULL	NULL	NULL
251	TELECOM NETWORKING EQUIPMENT	TELECOM NETWORKING EQUIPMENT	759	TU_INDUSTRY759	1	NULL	TU_INDUSTRY	NULL	NULL	NULL
252	CELLULAR MOBILE PHONE SERVICES	CELLULAR MOBILE PHONE SERVICES	760	TU_INDUSTRY760	1	NULL	TU_INDUSTRY	NULL	NULL	NULL
253	COMMUNICATON SERVICES	COMMUNICATON SERVICES	761	TU_INDUSTRY761	1	NULL	TU_INDUSTRY	NULL	NULL	NULL
254	INTERNET SERVICES	INTERNET SERVICES	762	TU_INDUSTRY762	1	NULL	TU_INDUSTRY	NULL	NULL	NULL
255	WIRELESS INFRASTRUCTURE SERVICES	WIRELESS INFRASTRUCTURE SERVICES	763	TU_INDUSTRY763	1	NULL	TU_INDUSTRY	NULL	NULL	NULL
256	COTTON TEXTILES	COTTON TEXTILES	764	TU_INDUSTRY764	1	NULL	TU_INDUSTRY	NULL	NULL	NULL
257	JUTE TEXTILES	JUTE TEXTILES	765	TU_INDUSTRY765	1	NULL	TU_INDUSTRY	NULL	NULL	NULL
258	TEXTILES - SYNTHETIC	TEXTILES - SYNTHETIC	766	TU_INDUSTRY766	1	NULL	TU_INDUSTRY	NULL	NULL	NULL
259	WOOLEN TEXTILES	WOOLEN TEXTILES	767	TU_INDUSTRY767	1	NULL	TU_INDUSTRY	NULL	NULL	NULL
260	BED AND TABLE LINEN	BED AND TABLE LINEN	768	TU_INDUSTRY768	1	NULL	TU_INDUSTRY	NULL	NULL	NULL
261	BLANKETS, CARPETS, RUGS AND MATS	BLANKETS, CARPETS, RUGS AND MATS	769	TU_INDUSTRY769	1	NULL	TU_INDUSTRY	NULL	NULL	NULL
262	OTHER TEXTILES	OTHER TEXTILES	770	TU_INDUSTRY770	1	NULL	TU_INDUSTRY	NULL	NULL	NULL
263	OTHER TEXTILES PRODUCTS	OTHER TEXTILES PRODUCTS	771	TU_INDUSTRY771	1	NULL	TU_INDUSTRY	NULL	NULL	NULL
264	SACKS AND BAGS	SACKS AND BAGS	772	TU_INDUSTRY772	1	NULL	TU_INDUSTRY	NULL	NULL	NULL
265	SANITARY TOWELS	SANITARY TOWELS	773	TU_INDUSTRY773	1	NULL	TU_INDUSTRY	NULL	NULL	NULL
266	SILK TEXTILES	SILK TEXTILES	774	TU_INDUSTRY774	1	NULL	TU_INDUSTRY	NULL	NULL	NULL
267	TEXTURED YARN	TEXTURED YARN	775	TU_INDUSTRY775	1	NULL	TU_INDUSTRY	NULL	NULL	NULL
268	TOURS AND TRAVEL SERV - PACKAGE	TOURS AND TRAVEL SERV - PACKAGE	776	TU_INDUSTRY776	1	NULL	TU_INDUSTRY	NULL	NULL	NULL
269	TOURS AND TRAVEL SERV -IATA COMMISS	TOURS AND TRAVEL SERV -IATA COMMISS	777	TU_INDUSTRY777	1	NULL	TU_INDUSTRY	NULL	NULL	NULL
270	COURIER	COURIER	778	TU_INDUSTRY778	1	NULL	TU_INDUSTRY	NULL	NULL	NULL
271	COURIER - DOMESTIC AND INTERNATIONA	COURIER - DOMESTIC AND INTERNATIONA	779	TU_INDUSTRY779	1	NULL	TU_INDUSTRY	NULL	NULL	NULL
272	GOOD TRANSPORT SERVICES -HIRE VEHI	GOOD TRANSPORT SERVICES -HIRE VEHI	780	TU_INDUSTRY780	1	NULL	TU_INDUSTRY	NULL	NULL	NULL
273	GOOD TRANSPORT SERVICES -OWNS VEHI	GOOD TRANSPORT SERVICES -OWNS VEHI	781	TU_INDUSTRY781	1	NULL	TU_INDUSTRY	NULL	NULL	NULL
274	AIRLINE TRANPORT SERVICES - FREIGHT	AIRLINE TRANPORT SERVICES - FREIGHT	782	TU_INDUSTRY782	1	NULL	TU_INDUSTRY	NULL	NULL	NULL
275	ABRASIVES AND GRINDING	ABRASIVES AND GRINDING	504	TU_INDUSTRY504	1	NULL	TU_INDUSTRY	NULL	NULL	NULL
276	COFFEE - CURING WORKS	COFFEE - CURING WORKS	505	TU_INDUSTRY505	1	NULL	TU_INDUSTRY	NULL	NULL	NULL
277	COFFEE - TRADER	COFFEE - TRADER	506	TU_INDUSTRY506	1	NULL	TU_INDUSTRY	NULL	NULL	NULL
278	FLORICULTURE	FLORICULTURE	507	TU_INDUSTRY507	1	NULL	TU_INDUSTRY	NULL	NULL	NULL
279	SPICES DRY FRUITS PACKAGED SPICES	SPICES DRY FRUITS PACKAGED SPICES	508	TU_INDUSTRY508	1	NULL	TU_INDUSTRY	NULL	NULL	NULL
280	SPICES/DRY FRUITS - DRY FRUITS	SPICES/DRY FRUITS - DRY FRUITS	509	TU_INDUSTRY509	1	NULL	TU_INDUSTRY	NULL	NULL	NULL
281	SPICES/DRY FRUITS - SPICES	SPICES/DRY FRUITS - SPICES	510	TU_INDUSTRY510	1	NULL	TU_INDUSTRY	NULL	NULL	NULL
282	STARCHES	STARCHES	511	TU_INDUSTRY511	1	NULL	TU_INDUSTRY	NULL	NULL	NULL
283	SUGAR - WHOLESALER	SUGAR - WHOLESALER	512	TU_INDUSTRY512	1	NULL	TU_INDUSTRY	NULL	NULL	NULL
284	SUGAR -DISTRIBUTOR	SUGAR -DISTRIBUTOR	513	TU_INDUSTRY513	1	NULL	TU_INDUSTRY	NULL	NULL	NULL
285	TEA	TEA	514	TU_INDUSTRY514	1	NULL	TU_INDUSTRY	NULL	NULL	NULL
286	TOBACCO TOB PRODUCTS	TOBACCO TOB PRODUCTS	515	TU_INDUSTRY515	1	NULL	TU_INDUSTRY	NULL	NULL	NULL
287	OTHER AGRICULTURAL CORP	OTHER AGRICULTURAL CORP	516	TU_INDUSTRY516	1	NULL	TU_INDUSTRY	NULL	NULL	NULL
288	BIO-FUEL	BIO-FUEL	517	TU_INDUSTRY517	1	NULL	TU_INDUSTRY	NULL	NULL	NULL
289	RICE	RICE	518	TU_INDUSTRY518	1	NULL	TU_INDUSTRY	NULL	NULL	NULL
290	SEEDS	SEEDS	519	TU_INDUSTRY519	1	NULL	TU_INDUSTRY	NULL	NULL	NULL
291	VEGETABLES AND OTHERS	VEGETABLES AND OTHERS	520	TU_INDUSTRY520	1	NULL	TU_INDUSTRY	NULL	NULL	NULL
292	ANIMATION	ANIMATION	521	TU_INDUSTRY521	1	NULL	TU_INDUSTRY	NULL	NULL	NULL
293	2 AND 3 WHEELERS	2 AND 3 WHEELERS	522	TU_INDUSTRY522	1	NULL	TU_INDUSTRY	NULL	NULL	NULL
294	AUTO ANCILLARIES -AXIES	AUTO ANCILLARIES -AXIES	523	TU_INDUSTRY523	1	NULL	TU_INDUSTRY	NULL	NULL	NULL
295	AUTO ANCILLARIES -CLUTCHES, GEARS AND BRAKES	AUTO ANCILLARIES -CLUTCHES, GEARS AND BRAKES	524	TU_INDUSTRY524	1	NULL	TU_INDUSTRY	NULL	NULL	NULL
296	AUTO ANCILLARIES -GENERAL	AUTO ANCILLARIES -GENERAL	525	TU_INDUSTRY525	1	NULL	TU_INDUSTRY	NULL	NULL	NULL
297	AUTO ANCILLARIES -LIGHTING	AUTO ANCILLARIES -LIGHTING	526	TU_INDUSTRY526	1	NULL	TU_INDUSTRY	NULL	NULL	NULL
298	AUTO ANCILLARIES -RUBBER	AUTO ANCILLARIES -RUBBER	527	TU_INDUSTRY527	1	NULL	TU_INDUSTRY	NULL	NULL	NULL
299	CAR RENTAL SERVICES	CAR RENTAL SERVICES	528	TU_INDUSTRY528	1	NULL	TU_INDUSTRY	NULL	NULL	NULL
300	LCVS HCVS - COMMERCIAL VEHICLES DEALER	LCVS HCVS - COMMERCIAL VEHICLES DEALER	529	TU_INDUSTRY529	1	NULL	TU_INDUSTRY	NULL	NULL	NULL
301	PASSENGER CAR DEALERS	PASSENGER CAR DEALERS	530	TU_INDUSTRY530	1	NULL	TU_INDUSTRY	NULL	NULL	NULL
302	BAKERY SWEETS - NO RETAIL SHOP	BAKERY SWEETS - NO RETAIL SHOP	531	TU_INDUSTRY531	1	NULL	TU_INDUSTRY	NULL	NULL	NULL
303	BAKERY SWEETS - WITH OWN SHOP	BAKERY SWEETS - WITH OWN SHOP	532	TU_INDUSTRY532	1	NULL	TU_INDUSTRY	NULL	NULL	NULL
304	BAKERY SWEETS - WITH RENTED SHOP	BAKERY SWEETS - WITH RENTED SHOP	533	TU_INDUSTRY533	1	NULL	TU_INDUSTRY	NULL	NULL	NULL
305	BATHROOM FITTINGS- BRANDED	BATHROOM FITTINGS- BRANDED	534	TU_INDUSTRY534	1	NULL	TU_INDUSTRY	NULL	NULL	NULL
306	BATHROOM FITTINGS- UNBRANDED	BATHROOM FITTINGS- UNBRANDED	535	TU_INDUSTRY535	1	NULL	TU_INDUSTRY	NULL	NULL	NULL
307	CYCLE AND ACCESSORIES	CYCLE AND ACCESSORIES	536	TU_INDUSTRY536	1	NULL	TU_INDUSTRY	NULL	NULL	NULL
308	PUBLISHING	PUBLISHING	537	TU_INDUSTRY537	1	NULL	TU_INDUSTRY	NULL	NULL	NULL
309	BREWERIES	BREWERIES	538	TU_INDUSTRY538	1	NULL	TU_INDUSTRY	NULL	NULL	NULL
310	DISTILLERIES	DISTILLERIES	539	TU_INDUSTRY539	1	NULL	TU_INDUSTRY	NULL	NULL	NULL
311	BROKERAGE HOUSES	BROKERAGE HOUSES	540	TU_INDUSTRY540	1	NULL	TU_INDUSTRY	NULL	NULL	NULL
312	ITES/ CALL CENTERS - KPO	ITES/ CALL CENTERS - KPO	541	TU_INDUSTRY541	1	NULL	TU_INDUSTRY	NULL	NULL	NULL
313	ITES/ CALL. CENTER- BPO	ITES/ CALL. CENTER- BPO	542	TU_INDUSTRY542	1	NULL	TU_INDUSTRY	NULL	NULL	NULL
314	ASSETS FINANCING SERVICES	ASSETS FINANCING SERVICES	543	TU_INDUSTRY543	1	NULL	TU_INDUSTRY	NULL	NULL	NULL
315	BUSINESS AND ASSETS MGMT SERV	BUSINESS AND ASSETS MGMT SERV	544	TU_INDUSTRY544	1	NULL	TU_INDUSTRY	NULL	NULL	NULL
316	DATABASE SERVICES	DATABASE SERVICES	545	TU_INDUSTRY545	1	NULL	TU_INDUSTRY	NULL	NULL	NULL
317	EVENT MANAGEMENNT SERVICES	EVENT MANAGEMENNT SERVICES	546	TU_INDUSTRY546	1	NULL	TU_INDUSTRY	NULL	NULL	NULL
318	FINANCIAL AND LEASING SERVICES	FINANCIAL AND LEASING SERVICES	547	TU_INDUSTRY547	1	NULL	TU_INDUSTRY	NULL	NULL	NULL
319	HOUSING FINANCE SERVICES	HOUSING FINANCE SERVICES	548	TU_INDUSTRY548	1	NULL	TU_INDUSTRY	NULL	NULL	NULL
320	MANAGEMENT CONSULTANCY SERVICES	MANAGEMENT CONSULTANCY SERVICES	549	TU_INDUSTRY549	1	NULL	TU_INDUSTRY	NULL	NULL	NULL
321	MARKET RESEARCH AND PUBLIC OPINION	MARKET RESEARCH AND PUBLIC OPINION	550	TU_INDUSTRY550	1	NULL	TU_INDUSTRY	NULL	NULL	NULL
322	MEDICAL TRANSCRIPTION	MEDICAL TRANSCRIPTION	551	TU_INDUSTRY551	1	NULL	TU_INDUSTRY	NULL	NULL	NULL
323	MEMBERSHIP ORGANISATION	MEMBERSHIP ORGANISATION	552	TU_INDUSTRY552	1	NULL	TU_INDUSTRY	NULL	NULL	NULL
324	NBFS	NBFS	553	TU_INDUSTRY553	1	NULL	TU_INDUSTRY	NULL	NULL	NULL
325	OTHER COMMUNICATION SERVICES	OTHER COMMUNICATION SERVICES	554	TU_INDUSTRY554	1	NULL	TU_INDUSTRY	NULL	NULL	NULL
326	PLACEMENT AND REQUIPMENT	PLACEMENT AND REQUIPMENT	555	TU_INDUSTRY555	1	NULL	TU_INDUSTRY	NULL	NULL	NULL
327	RANDD SERVICES	RANDD SERVICES	556	TU_INDUSTRY556	1	NULL	TU_INDUSTRY	NULL	NULL	NULL
328	CEMENT	CEMENT	557	TU_INDUSTRY557	1	NULL	TU_INDUSTRY	NULL	NULL	NULL
329	CEMENT SHEET	CEMENT SHEET	558	TU_INDUSTRY558	1	NULL	TU_INDUSTRY	NULL	NULL	NULL
330	CERAMICS TILES AND SANITARY WARES	CERAMICS TILES AND SANITARY WARES	559	TU_INDUSTRY559	1	NULL	TU_INDUSTRY	NULL	NULL	NULL
331	FERTILIZERS	FERTILIZERS	560	TU_INDUSTRY560	1	NULL	TU_INDUSTRY	NULL	NULL	NULL
332	ORGANIC AND INORGANIC CHEMICALS	ORGANIC AND INORGANIC CHEMICALS	561	TU_INDUSTRY561	1	NULL	TU_INDUSTRY	NULL	NULL	NULL
333	PESTICIDES	PESTICIDES	562	TU_INDUSTRY562	1	NULL	TU_INDUSTRY	NULL	NULL	NULL
334	POLYMERS	POLYMERS	563	TU_INDUSTRY563	1	NULL	TU_INDUSTRY	NULL	NULL	NULL
335	REFRACTORIES AND INTERMEDIATES	REFRACTORIES AND INTERMEDIATES	564	TU_INDUSTRY564	1	NULL	TU_INDUSTRY	NULL	NULL	NULL
336	SPECIALTY CHEMICALS	SPECIALTY CHEMICALS	565	TU_INDUSTRY565	1	NULL	TU_INDUSTRY	NULL	NULL	NULL
337	ADHESIVE	ADHESIVE	566	TU_INDUSTRY566	1	NULL	TU_INDUSTRY	NULL	NULL	NULL
338	RECTIFIED SPIRIT	RECTIFIED SPIRIT	567	TU_INDUSTRY567	1	NULL	TU_INDUSTRY	NULL	NULL	NULL
339	CONFECTIONERY- BRANDED	CONFECTIONERY- BRANDED	568	TU_INDUSTRY568	1	NULL	TU_INDUSTRY	NULL	NULL	NULL
340	CONFECTIONERY- UNBRANDED	CONFECTIONERY- UNBRANDED	569	TU_INDUSTRY569	1	NULL	TU_INDUSTRY	NULL	NULL	NULL
341	COMMUNICATION AND BROADCASTING	COMMUNICATION AND BROADCASTING	570	TU_INDUSTRY570	1	NULL	TU_INDUSTRY	NULL	NULL	NULL
342	COMPUTER - EDUCATION	COMPUTER - EDUCATION	571	TU_INDUSTRY571	1	NULL	TU_INDUSTRY	NULL	NULL	NULL
343	COMPUTER HARDWARE - ASSEMBLER	COMPUTER HARDWARE - ASSEMBLER	572	TU_INDUSTRY572	1	NULL	TU_INDUSTRY	NULL	NULL	NULL
344	COMPUTER HARDWARE - COMPONENTS	COMPUTER HARDWARE - COMPONENTS	573	TU_INDUSTRY573	1	NULL	TU_INDUSTRY	NULL	NULL	NULL
345	COMPUTER HARDWARE - RETAILER	COMPUTER HARDWARE - RETAILER	574	TU_INDUSTRY574	1	NULL	TU_INDUSTRY	NULL	NULL	NULL
346	COMPUTER HARDWARE - UNBRANDED	COMPUTER HARDWARE - UNBRANDED	575	TU_INDUSTRY575	1	NULL	TU_INDUSTRY	NULL	NULL	NULL
347	SOFTWARE AND ERP	SOFTWARE AND ERP	576	TU_INDUSTRY576	1	NULL	TU_INDUSTRY	NULL	NULL	NULL
348	CONSTRUCTION	CONSTRUCTION	577	TU_INDUSTRY577	1	NULL	TU_INDUSTRY	NULL	NULL	NULL
349	CONSTRUCTION EQUIPMENT	CONSTRUCTION EQUIPMENT	578	TU_INDUSTRY578	1	NULL	TU_INDUSTRY	NULL	NULL	NULL
350	CONSUMER ELECTRONICS - UNBRANDED	CONSUMER ELECTRONICS - UNBRANDED	579	TU_INDUSTRY579	1	NULL	TU_INDUSTRY	NULL	NULL	NULL
351	AIR-CONDITIONERS AND REFRIGERATORS	AIR-CONDITIONERS AND REFRIGERATORS	580	TU_INDUSTRY580	1	NULL	TU_INDUSTRY	NULL	NULL	NULL
352	BIOTECH	BIOTECH	581	TU_INDUSTRY581	1	NULL	TU_INDUSTRY	NULL	NULL	NULL
353	DRUGS AND PHARMACEUTICALS BULK DRUG	DRUGS AND PHARMACEUTICALS BULK DRUG	582	TU_INDUSTRY582	1	NULL	TU_INDUSTRY	NULL	NULL	NULL
354	DRUGS AND PHARMACEUTICALS COMPOSITE	DRUGS AND PHARMACEUTICALS COMPOSITE	583	TU_INDUSTRY583	1	NULL	TU_INDUSTRY	NULL	NULL	NULL
355	DRUGS AND PHARMACEUTICALS EXPORTER	DRUGS AND PHARMACEUTICALS EXPORTER	584	TU_INDUSTRY584	1	NULL	TU_INDUSTRY	NULL	NULL	NULL
356	DRUGS AND PHARMACEUTICALS FORMULAT	DRUGS AND PHARMACEUTICALS FORMULAT	585	TU_INDUSTRY585	1	NULL	TU_INDUSTRY	NULL	NULL	NULL
357	DRUGS AND PHARMACEUTICALS  RESEARCH	DRUGS AND PHARMACEUTICALS  RESEARCH	586	TU_INDUSTRY586	1	NULL	TU_INDUSTRY	NULL	NULL	NULL
358	DRUGS AND PHARMACEUTICALS RETAILER	DRUGS AND PHARMACEUTICALS RETAILER	587	TU_INDUSTRY587	1	NULL	TU_INDUSTRY	NULL	NULL	NULL
359	MEDICAL EQUIPMENT	MEDICAL EQUIPMENT	588	TU_INDUSTRY588	1	NULL	TU_INDUSTRY	NULL	NULL	NULL
360	MEDICAL SUPPLIES - DISPOSABLES	MEDICAL SUPPLIES - DISPOSABLES	589	TU_INDUSTRY589	1	NULL	TU_INDUSTRY	NULL	NULL	NULL
361	MEDICAL SUPPLIES - SL	MEDICAL SUPPLIES - SL	590	TU_INDUSTRY590	1	NULL	TU_INDUSTRY	NULL	NULL	NULL
362	PHARMA MACHINERY	PHARMA MACHINERY	591	TU_INDUSTRY591	1	NULL	TU_INDUSTRY	NULL	NULL	NULL
363	AYURVEDIC AND UNANI HERBS	AYURVEDIC AND UNANI HERBS	592	TU_INDUSTRY592	1	NULL	TU_INDUSTRY	NULL	NULL	NULL
364	DYES AND PIGMENTS	DYES AND PIGMENTS	593	TU_INDUSTRY593	1	NULL	TU_INDUSTRY	NULL	NULL	NULL
365	EDUCATION CONSULTING	EDUCATION CONSULTING	594	TU_INDUSTRY594	1	NULL	TU_INDUSTRY	NULL	NULL	NULL
366	ELECTRICAL APPLIANCES- BRANDE	ELECTRICAL APPLIANCES- BRANDE	595	TU_INDUSTRY595	1	NULL	TU_INDUSTRY	NULL	NULL	NULL
367	ELECTRICAL APPLIANCES - UNBRANDED	ELECTRICAL APPLIANCES - UNBRANDED	596	TU_INDUSTRY596	1	NULL	TU_INDUSTRY	NULL	NULL	NULL
368	ELECTRICAL APPLIANCES- SPARE PART	ELECTRICAL APPLIANCES- SPARE PART	597	TU_INDUSTRY597	1	NULL	TU_INDUSTRY	NULL	NULL	NULL
369	INSECT REPELLERS	INSECT REPELLERS	598	TU_INDUSTRY598	1	NULL	TU_INDUSTRY	NULL	NULL	NULL
370	METER ELECTRICITY	METER ELECTRICITY	599	TU_INDUSTRY599	1	NULL	TU_INDUSTRY	NULL	NULL	NULL
371	ELECTRICAL MACHINERY	ELECTRICAL MACHINERY	600	TU_INDUSTRY600	1	NULL	TU_INDUSTRY	NULL	NULL	NULL
372	POWER TRANSMISSION LINE SERVICES	POWER TRANSMISSION LINE SERVICES	601	TU_INDUSTRY601	1	NULL	TU_INDUSTRY	NULL	NULL	NULL
373	ELECTRICITY ENERGY	ELECTRICITY ENERGY	602	TU_INDUSTRY602	1	NULL	TU_INDUSTRY	NULL	NULL	NULL
374	SOLAR ENERGY	SOLAR ENERGY	603	TU_INDUSTRY603	1	NULL	TU_INDUSTRY	NULL	NULL	NULL
375	THERMAL ELECTRICITY	THERMAL ELECTRICITY	604	TU_INDUSTRY604	1	NULL	TU_INDUSTRY	NULL	NULL	NULL
376	WIND ENERGY	WIND ENERGY	605	TU_INDUSTRY605	1	NULL	TU_INDUSTRY	NULL	NULL	NULL
377	RECREATION AND AMUSEMENT PARKS	RECREATION AND AMUSEMENT PARKS	606	TU_INDUSTRY606	1	NULL	TU_INDUSTRY	NULL	NULL	NULL
378	CASSETTES AND CD	CASSETTES AND CD	607	TU_INDUSTRY607	1	NULL	TU_INDUSTRY	NULL	NULL	NULL
379	MARKETING OF TELEFILMS/SERIALS/TV	MARKETING OF TELEFILMS/SERIALS/TV	608	TU_INDUSTRY608	1	NULL	TU_INDUSTRY	NULL	NULL	NULL
380	MOTION PICTURE	MOTION PICTURE	609	TU_INDUSTRY609	1	NULL	TU_INDUSTRY	NULL	NULL	NULL
381	FMCG FOOD PRODUCT	FMCG FOOD PRODUCT	610	TU_INDUSTRY610	1	NULL	TU_INDUSTRY	NULL	NULL	NULL
382	FMCG TOILETERIES	FMCG TOILETERIES	611	TU_INDUSTRY611	1	NULL	TU_INDUSTRY	NULL	NULL	NULL
383	BOTTLED WATER	BOTTLED WATER	612	TU_INDUSTRY612	1	NULL	TU_INDUSTRY	NULL	NULL	NULL
384	NON ALCOHOLIC BEVERAGES	NON ALCOHOLIC BEVERAGES	613	TU_INDUSTRY613	1	NULL	TU_INDUSTRY	NULL	NULL	NULL
385	FOOD PROCESSING	FOOD PROCESSING	614	TU_INDUSTRY614	1	NULL	TU_INDUSTRY	NULL	NULL	NULL
386	DAIRY	DAIRY	615	TU_INDUSTRY615	1	NULL	TU_INDUSTRY	NULL	NULL	NULL
387	EDITABLE OILS AND. SOLVENT EXTRACTS	EDITABLE OILS AND. SOLVENT EXTRACTS	616	TU_INDUSTRY616	1	NULL	TU_INDUSTRY	NULL	NULL	NULL
388	MARINE FOODS	MARINE FOODS	617	TU_INDUSTRY617	1	NULL	TU_INDUSTRY	NULL	NULL	NULL
389	MILLING PRODUCTS	MILLING PRODUCTS	618	TU_INDUSTRY618	1	NULL	TU_INDUSTRY	NULL	NULL	NULL
390	POULTRY AND MEAT PRODUCTS - HATCHER	POULTRY AND MEAT PRODUCTS - HATCHER	619	TU_INDUSTRY619	1	NULL	TU_INDUSTRY	NULL	NULL	NULL
391	POULTRY AND MEAT PRODUCTS - POULTRY	POULTRY AND MEAT PRODUCTS - POULTRY	620	TU_INDUSTRY620	1	NULL	TU_INDUSTRY	NULL	NULL	NULL
392	SOYA BEAN PRODUCTS	SOYA BEAN PRODUCTS	621	TU_INDUSTRY621	1	NULL	TU_INDUSTRY	NULL	NULL	NULL
393	BONE MEAL	BONE MEAL	622	TU_INDUSTRY622	1	NULL	TU_INDUSTRY	NULL	NULL	NULL
394	FATS AND OILS AND DERIVED PRODUCTS	FATS AND OILS AND DERIVED PRODUCTS	623	TU_INDUSTRY623	1	NULL	TU_INDUSTRY	NULL	NULL	NULL
395	FOOD PRODUCTS	FOOD PRODUCTS	624	TU_INDUSTRY624	1	NULL	TU_INDUSTRY	NULL	NULL	NULL
396	SALT	SALT	625	TU_INDUSTRY625	1	NULL	TU_INDUSTRY	NULL	NULL	NULL
397	HOTEL AND RESTAURANTS	HOTEL AND RESTAURANTS	626	TU_INDUSTRY626	1	NULL	TU_INDUSTRY	NULL	NULL	NULL
398	FOOTWEAR	FOOTWEAR	627	TU_INDUSTRY627	1	NULL	TU_INDUSTRY	NULL	NULL	NULL
399	FUEL DEALERS	FUEL DEALERS	628	TU_INDUSTRY628	1	NULL	TU_INDUSTRY	NULL	NULL	NULL
400	HOME FURNITURE AND FURNISHING - MAN	HOME FURNITURE AND FURNISHING - MAN	629	TU_INDUSTRY629	1	NULL	TU_INDUSTRY	NULL	NULL	NULL
401	HOME FURNITURE AND FURNISHING -RET	HOME FURNITURE AND FURNISHING -RET	630	TU_INDUSTRY630	1	NULL	TU_INDUSTRY	NULL	NULL	NULL
402	GEMS AND JEW ELLERY	GEMS AND JEW ELLERY	631	TU_INDUSTRY631	1	NULL	TU_INDUSTRY	NULL	NULL	NULL
403	GLASS AND GLASS PRODUCTS - LAB WARE	GLASS AND GLASS PRODUCTS - LAB WARE	632	TU_INDUSTRY632	1	NULL	TU_INDUSTRY	NULL	NULL	NULL
404	GLASS AND GLASS PRODUCTS - TABLEWAR	GLASS AND GLASS PRODUCTS - TABLEWAR	633	TU_INDUSTRY633	1	NULL	TU_INDUSTRY	NULL	NULL	NULL
405	KITCHEN AND SANITARY ITEMS	KITCHEN AND SANITARY ITEMS	634	TU_INDUSTRY634	1	NULL	TU_INDUSTRY	NULL	NULL	NULL
406	SCREWS, BOLTS, NUTS ETC	SCREWS, BOLTS, NUTS ETC	635	TU_INDUSTRY635	1	NULL	TU_INDUSTRY	NULL	NULL	NULL
407	HEALTH CENTERS/ HOSPITALS - PRIMARY	HEALTH CENTERS/ HOSPITALS - PRIMARY	636	TU_INDUSTRY636	1	NULL	TU_INDUSTRY	NULL	NULL	NULL
408	HEALTH CENTERS/ HOSPITALS - SECOND	HEALTH CENTERS/ HOSPITALS - SECOND	637	TU_INDUSTRY637	1	NULL	TU_INDUSTRY	NULL	NULL	NULL
409	HEALTH CENTRE/HOSPITALS TERTIARY	HEALTH CENTRE/HOSPITALS TERTIARY	638	TU_INDUSTRY638	1	NULL	TU_INDUSTRY	NULL	NULL	NULL
410	HOSPITAL AND DIAGNOSTIC CENTERS	HOSPITAL AND DIAGNOSTIC CENTERS	639	TU_INDUSTRY639	1	NULL	TU_INDUSTRY	NULL	NULL	NULL
411	CONSUMER ELECTRONICS - SPARE PART	CONSUMER ELECTRONICS - SPARE PART	640	TU_INDUSTRY640	1	NULL	TU_INDUSTRY	NULL	NULL	NULL
412	CONSUMER ELECTRONICS - BRANDED GOOD	CONSUMER ELECTRONICS - BRANDED GOOD	641	TU_INDUSTRY641	1	NULL	TU_INDUSTRY	NULL	NULL	NULL
413	INVERTER	INVERTER	642	TU_INDUSTRY642	1	NULL	TU_INDUSTRY	NULL	NULL	NULL
414	SOLAR APPLIANCES	SOLAR APPLIANCES	643	TU_INDUSTRY643	1	NULL	TU_INDUSTRY	NULL	NULL	NULL
415	BEARINGS	BEARINGS	644	TU_INDUSTRY644	1	NULL	TU_INDUSTRY	NULL	NULL	NULL
416	COMPRESSORS AND PUMP	COMPRESSORS AND PUMP	645	TU_INDUSTRY645	1	NULL	TU_INDUSTRY	NULL	NULL	NULL
417	FASTENERS	FASTENERS	646	TU_INDUSTRY646	1	NULL	TU_INDUSTRY	NULL	NULL	NULL
418	INDUSTRIAL FURNACES	INDUSTRIAL FURNACES	647	TU_INDUSTRY647	1	NULL	TU_INDUSTRY	NULL	NULL	NULL
419	MACHINE TOOLS	MACHINE TOOLS	648	TU_INDUSTRY648	1	NULL	TU_INDUSTRY	NULL	NULL	NULL
420	MATERIAL HANDLING EQUIPMENTS	MATERIAL HANDLING EQUIPMENTS	649	TU_INDUSTRY649	1	NULL	TU_INDUSTRY	NULL	NULL	NULL
421	MOTORS AND GENERATORS	MOTORS AND GENERATORS	650	TU_INDUSTRY650	1	NULL	TU_INDUSTRY	NULL	NULL	NULL
422	PACKAGING - MACHINE MFG	PACKAGING - MACHINE MFG	651	TU_INDUSTRY651	1	NULL	TU_INDUSTRY	NULL	NULL	NULL
423	PRECISION DIES AND PARTS	PRECISION DIES AND PARTS	652	TU_INDUSTRY652	1	NULL	TU_INDUSTRY	NULL	NULL	NULL
424	STORAGE BATTERIES	STORAGE BATTERIES	653	TU_INDUSTRY653	1	NULL	TU_INDUSTRY	NULL	NULL	NULL
425	TEXTILES MACHINERY	TEXTILES MACHINERY	654	TU_INDUSTRY654	1	NULL	TU_INDUSTRY	NULL	NULL	NULL
426	TRACTORS DEALERS	TRACTORS DEALERS	655	TU_INDUSTRY655	1	NULL	TU_INDUSTRY	NULL	NULL	NULL
427	TRANSFORMERS	TRANSFORMERS	656	TU_INDUSTRY656	1	NULL	TU_INDUSTRY	NULL	NULL	NULL
428	WELDING MACHINERY	WELDING MACHINERY	657	TU_INDUSTRY657	1	NULL	TU_INDUSTRY	NULL	NULL	NULL
429	WELDING ELECTRODES	WELDING ELECTRODES	658	TU_INDUSTRY658	1	NULL	TU_INDUSTRY	NULL	NULL	NULL
430	AGRICULTURAL IMPLEMENTS	AGRICULTURAL IMPLEMENTS	659	TU_INDUSTRY659	1	NULL	TU_INDUSTRY	NULL	NULL	NULL
431	BOILERS AND TURBINES	BOILERS AND TURBINES	660	TU_INDUSTRY660	1	NULL	TU_INDUSTRY	NULL	NULL	NULL
432	BREWERY MACHINERY	BREWERY MACHINERY	661	TU_INDUSTRY661	1	NULL	TU_INDUSTRY	NULL	NULL	NULL
433	CAPS AND LIDS	CAPS AND LIDS	662	TU_INDUSTRY662	1	NULL	TU_INDUSTRY	NULL	NULL	NULL
434	DAIRY MACHINERY	DAIRY MACHINERY	663	TU_INDUSTRY663	1	NULL	TU_INDUSTRY	NULL	NULL	NULL
435	DUSTERS / SPRAYER	DUSTERS / SPRAYER	664	TU_INDUSTRY664	1	NULL	TU_INDUSTRY	NULL	NULL	NULL
436	ENGINES	ENGINES	665	TU_INDUSTRY665	1	NULL	TU_INDUSTRY	NULL	NULL	NULL
437	GEARS	GEARS	666	TU_INDUSTRY666	1	NULL	TU_INDUSTRY	NULL	NULL	NULL
438	GENERATORS, TRANSFORMERS AND SWIT	GENERATORS, TRANSFORMERS AND SWIT	667	TU_INDUSTRY667	1	NULL	TU_INDUSTRY	NULL	NULL	NULL
439	HAND PUMP	HAND PUMP	668	TU_INDUSTRY668	1	NULL	TU_INDUSTRY	NULL	NULL	NULL
440	HAND TOOLS	HAND TOOLS	669	TU_INDUSTRY669	1	NULL	TU_INDUSTRY	NULL	NULL	NULL
441	INDUSTRIAL MACHINERY - OTHERS	INDUSTRIAL MACHINERY - OTHERS	670	TU_INDUSTRY670	1	NULL	TU_INDUSTRY	NULL	NULL	NULL
442	INSTRUMENT COOLING FANS	INSTRUMENT COOLING FANS	671	TU_INDUSTRY671	1	NULL	TU_INDUSTRY	NULL	NULL	NULL
443	MACHINERY USED IN FOOD AND BEVERAGE	MACHINERY USED IN FOOD AND BEVERAGE	672	TU_INDUSTRY672	1	NULL	TU_INDUSTRY	NULL	NULL	NULL
444	MECHINICAL AND ELECTRICAL EQUIPEMEN	MECHINICAL AND ELECTRICAL EQUIPEMEN	673	TU_INDUSTRY673	1	NULL	TU_INDUSTRY	NULL	NULL	NULL
445	METAL ROLLING MACHINES	METAL ROLLING MACHINES	674	TU_INDUSTRY674	1	NULL	TU_INDUSTRY	NULL	NULL	NULL
446	MINING,CONSTRUCTION AND EARTH MOVIN	MINING,CONSTRUCTION AND EARTH MOVIN	675	TU_INDUSTRY675	1	NULL	TU_INDUSTRY	NULL	NULL	NULL
447	NON-ELECTRICAL MACHINERY	NON-ELECTRICAL MACHINERY	676	TU_INDUSTRY676	1	NULL	TU_INDUSTRY	NULL	NULL	NULL
448	POWER TILLERS	POWER TILLERS	677	TU_INDUSTRY677	1	NULL	TU_INDUSTRY	NULL	NULL	NULL
449	PRESSURE VESSELS	PRESSURE VESSELS	678	TU_INDUSTRY678	1	NULL	TU_INDUSTRY	NULL	NULL	NULL
450	PRINTING MACHINERY	PRINTING MACHINERY	679	TU_INDUSTRY679	1	NULL	TU_INDUSTRY	NULL	NULL	NULL
451	RICE MILL MACHINERY	RICE MILL MACHINERY	680	TU_INDUSTRY680	1	NULL	TU_INDUSTRY	NULL	NULL	NULL
452	RUBBER AND PLASTIC PROD MACHINERY	RUBBER AND PLASTIC PROD MACHINERY	681	TU_INDUSTRY681	1	NULL	TU_INDUSTRY	NULL	NULL	NULL
453	RUBBER MANUFACTURING MACHINERY	RUBBER MANUFACTURING MACHINERY	682	TU_INDUSTRY682	1	NULL	TU_INDUSTRY	NULL	NULL	NULL
454	SAW BLADES	SAW BLADES	683	TU_INDUSTRY683	1	NULL	TU_INDUSTRY	NULL	NULL	NULL
455	SEWING MACHINES	SEWING MACHINES	684	TU_INDUSTRY684	1	NULL	TU_INDUSTRY	NULL	NULL	NULL
456	SUGAR MANUFACTURING MACHINERY	SUGAR MANUFACTURING MACHINERY	685	TU_INDUSTRY685	1	NULL	TU_INDUSTRY	NULL	NULL	NULL
457	TRANSMISSION TOWERS AND STRUCTURALS	TRANSMISSION TOWERS AND STRUCTURALS	686	TU_INDUSTRY686	1	NULL	TU_INDUSTRY	NULL	NULL	NULL
458	TRANSPORT EQUIPMENT	TRANSPORT EQUIPMENT	687	TU_INDUSTRY687	1	NULL	TU_INDUSTRY	NULL	NULL	NULL
459	VALVES	VALVES	688	TU_INDUSTRY688	1	NULL	TU_INDUSTRY	NULL	NULL	NULL
460	WEAVING MACHINES	WEAVING MACHINES	689	TU_INDUSTRY689	1	NULL	TU_INDUSTRY	NULL	NULL	NULL
461	AIRLINE TRANPORT SERVICES - PASS	AIRLINE TRANPORT SERVICES - PASS	783	TU_INDUSTRY783	1	NULL	TU_INDUSTRY	NULL	NULL	NULL
462	GOOD TRANSPORT SERVICES -AIR	GOOD TRANSPORT SERVICES -AIR	784	TU_INDUSTRY784	1	NULL	TU_INDUSTRY	NULL	NULL	NULL
463	RAILWAY TRANSPORT	RAILWAY TRANSPORT	785	TU_INDUSTRY785	1	NULL	TU_INDUSTRY	NULL	NULL	NULL
464	SHIPPING TRANSPORT SERVICES	SHIPPING TRANSPORT SERVICES	786	TU_INDUSTRY786	1	NULL	TU_INDUSTRY	NULL	NULL	NULL
465	LOCOMOTIVES	LOCOMOTIVES	787	TU_INDUSTRY787	1	NULL	TU_INDUSTRY	NULL	NULL	NULL
466	RAILWAY WAGONS	RAILWAY WAGONS	788	TU_INDUSTRY788	1	NULL	TU_INDUSTRY	NULL	NULL	NULL
467	SHIPS, BOATS ETC	SHIPS, BOATS ETC	789	TU_INDUSTRY789	1	NULL	TU_INDUSTRY	NULL	NULL	NULL
468	TYRES	TYRES	790	TU_INDUSTRY790	1	NULL	TU_INDUSTRY	NULL	NULL	NULL
469	STORAGE AND WAREHOUSING	STORAGE AND WAREHOUSING	791	TU_INDUSTRY791	1	NULL	TU_INDUSTRY	NULL	NULL	NULL
470	OPTICAL FIBRES	OPTICAL FIBRES	792	TU_INDUSTRY792	1	NULL	TU_INDUSTRY	NULL	NULL	NULL
471	WIRES AND CABLES	WIRES AND CABLES	793	TU_INDUSTRY793	1	NULL	TU_INDUSTRY	NULL	NULL	NULL
472	WOOD	WOOD	794	TU_INDUSTRY794	1	NULL	TU_INDUSTRY	NULL	NULL	NULL
473	WOOD AND WOOD PRODUCTS	WOOD AND WOOD PRODUCTS	795	TU_INDUSTRY795	1	NULL	TU_INDUSTRY	NULL	NULL	NULL
474	CONFECTIONERY- UNBRANDED	CONFECTIONERY- UNBRANDED	36	TU_INDUSTRY36	0	NULL	TU_INDUSTRY	NULL	NULL	NULL
475	CONSTRUCTION EQUIPMENT	CONSTRUCTION EQUIPMENT	38	TU_INDUSTRY38	0	NULL	TU_INDUSTRY	NULL	NULL	NULL
476	COURIER - DOMESTIC and INTERNATIONAL.	COURIER - DOMESTIC and INTERNATIONAL.	40	TU_INDUSTRY40	0	NULL	TU_INDUSTRY	NULL	NULL	NULL
477	DAIRY	DAIRY	42	TU_INDUSTRY42	0	NULL	TU_INDUSTRY	NULL	NULL	NULL
478	DRUGS and PHARMACEUTICALS . FORMULATION	DRUGS and PHARMACEUTICALS . FORMULATION	44	TU_INDUSTRY44	0	NULL	TU_INDUSTRY	NULL	NULL	NULL
479	DRUGS and PHARMACEUTICALS . COMPOSITE	DRUGS and PHARMACEUTICALS . COMPOSITE	46	TU_INDUSTRY46	0	NULL	TU_INDUSTRY	NULL	NULL	NULL
480	EDITABLE OILS and. SOLVENT EXTRACTS	EDITABLE OILS and. SOLVENT EXTRACTS	49	TU_INDUSTRY49	0	NULL	TU_INDUSTRY	NULL	NULL	NULL
481	ELECTRICAL APPLIANCES/COMPONENTS - UNBRANDED	ELECTRICAL APPLIANCES/COMPONENTS - UNBRANDED	51	TU_INDUSTRY51	0	NULL	TU_INDUSTRY	NULL	NULL	NULL
482	CONSUMER ELECTRONICS - UNBRANDED GOODS	CONSUMER ELECTRONICS - UNBRANDED GOODS	54	TU_INDUSTRY54	0	NULL	TU_INDUSTRY	NULL	NULL	NULL
483	FASTENERS	FASTENERS	57	TU_INDUSTRY57	0	NULL	TU_INDUSTRY	NULL	NULL	NULL
484	PLASTIC and PLASTIC PRODUCTS - COMMERCIAL	PLASTIC and PLASTIC PRODUCTS - COMMERCIAL	58	TU_INDUSTRY58	0	NULL	TU_INDUSTRY	NULL	NULL	NULL
485	PLASTIC and PLASTIC PRODUCTS - UNBRANDED	PLASTIC and PLASTIC PRODUCTS - UNBRANDED	61	TU_INDUSTRY61	0	NULL	TU_INDUSTRY	NULL	NULL	NULL
486	FUEL DEALERS	FUEL DEALERS	64	TU_INDUSTRY64	0	NULL	TU_INDUSTRY	NULL	NULL	NULL
487	HOME FURNITURE and FURNISHING - MANUFACTURE AND RETAILER	HOME FURNITURE and FURNISHING - MANUFACTURE AND RETAILER	65	TU_INDUSTRY65	0	NULL	TU_INDUSTRY	NULL	NULL	NULL
488	GOOD TRANSPORT SERVICES -OWNS VEHICLES	GOOD TRANSPORT SERVICES -OWNS VEHICLES	69	TU_INDUSTRY69	0	NULL	TU_INDUSTRY	NULL	NULL	NULL
489	HEALTH CENTERS/ HOSPITALS - PRIMARY	HEALTH CENTERS/ HOSPITALS - PRIMARY	71	TU_INDUSTRY71	0	NULL	TU_INDUSTRY	NULL	NULL	NULL
490	INDUSTRIAL FURNACES	INDUSTRIAL FURNACES	74	TU_INDUSTRY74	0	NULL	TU_INDUSTRY	NULL	NULL	NULL
491	INDUSTRIAL GASES	INDUSTRIAL GASES	75	TU_INDUSTRY75	0	NULL	TU_INDUSTRY	NULL	NULL	NULL
492	ITES/ CALL CENTERS - KPO	ITES/ CALL CENTERS - KPO	77	TU_INDUSTRY77	0	NULL	TU_INDUSTRY	NULL	NULL	NULL
493	LEGAL SERVICES	LEGAL SERVICES	79	TU_INDUSTRY79	0	NULL	TU_INDUSTRY	NULL	NULL	NULL
494	LUBRICANTS -UNBRANDED	LUBRICANTS -UNBRANDED	81	TU_INDUSTRY81	0	NULL	TU_INDUSTRY	NULL	NULL	NULL
495	LUGGAGE - BRANDED	LUGGAGE - BRANDED	83	TU_INDUSTRY83	0	NULL	TU_INDUSTRY	NULL	NULL	NULL
496	MARBLE and GRANITE - MINE OWNER	MARBLE and GRANITE - MINE OWNER	85	TU_INDUSTRY85	0	NULL	TU_INDUSTRY	NULL	NULL	NULL
497	MARBLE and GRANITE - IMPORT/ EXPORT	MARBLE and GRANITE - IMPORT/ EXPORT	87	TU_INDUSTRY87	0	NULL	TU_INDUSTRY	NULL	NULL	NULL
498	MARINE FOODS	MARINE FOODS	89	TU_INDUSTRY89	0	NULL	TU_INDUSTRY	NULL	NULL	NULL
499	MEDICAL EQUIPMENT	MEDICAL EQUIPMENT	91	TU_INDUSTRY91	0	NULL	TU_INDUSTRY	NULL	NULL	NULL
500	MEDICAL SUPPLIES - DISPOSABLES	MEDICAL SUPPLIES - DISPOSABLES	93	TU_INDUSTRY93	0	NULL	TU_INDUSTRY	NULL	NULL	NULL
501	MOTORS and GENERATORS	MOTORS and GENERATORS	95	TU_INDUSTRY95	0	NULL	TU_INDUSTRY	NULL	NULL	NULL
502	OFFICE STATIONERY - EXPORTS	OFFICE STATIONERY - EXPORTS	97	TU_INDUSTRY97	0	NULL	TU_INDUSTRY	NULL	NULL	NULL
503	OPTICIANS	OPTICIANS	99	TU_INDUSTRY99	0	NULL	TU_INDUSTRY	NULL	NULL	NULL
504	ORGANIC and INORGANIC CHEM1CALS	ORGANIC and INORGANIC CHEM1CALS	100	TU_INDUSTRY100	0	NULL	TU_INDUSTRY	NULL	NULL	NULL
505	PACKAGING - GLASS CONTAINER	PACKAGING - GLASS CONTAINER	103	TU_INDUSTRY103	0	NULL	TU_INDUSTRY	NULL	NULL	NULL
506	PACKAGING - FOIL PACKAGING	PACKAGING - FOIL PACKAGING	105	TU_INDUSTRY105	0	NULL	TU_INDUSTRY	NULL	NULL	NULL
507	PAPER and PAPER PRODUCTS	PAPER and PAPER PRODUCTS	107	TU_INDUSTRY107	0	NULL	TU_INDUSTRY	NULL	NULL	NULL
508	PESTICIDES	PESTICIDES	109	TU_INDUSTRY109	0	NULL	TU_INDUSTRY	NULL	NULL	NULL
509	PHOTOGRAPHIC AND ALLIED PRODUCTS	PHOTOGRAPHIC AND ALLIED PRODUCTS	111	TU_INDUSTRY111	0	NULL	TU_INDUSTRY	NULL	NULL	NULL
510	POLYMERS	POLYMERS	113	TU_INDUSTRY113	0	NULL	TU_INDUSTRY	NULL	NULL	NULL
511	ANIMATION	ANIMATION	114	TU_INDUSTRY114	0	NULL	TU_INDUSTRY	NULL	NULL	NULL
512	POULTRY and MEAT PRODUCTS - POULTRY FARM	POULTRY and MEAT PRODUCTS - POULTRY FARM	116	TU_INDUSTRY116	0	NULL	TU_INDUSTRY	NULL	NULL	NULL
513	PUBLISHING	PUBLISHING	119	TU_INDUSTRY119	0	NULL	TU_INDUSTRY	NULL	NULL	NULL
514	RECREATION and AMUSEMENT PARKS	RECREATION and AMUSEMENT PARKS	120	TU_INDUSTRY120	0	NULL	TU_INDUSTRY	NULL	NULL	NULL
515	RESTAURANTS	RESTAURANTS	122	TU_INDUSTRY122	0	NULL	TU_INDUSTRY	NULL	NULL	NULL
516	SOFTWARE and ERP	SOFTWARE and ERP	124	TU_INDUSTRY124	0	NULL	TU_INDUSTRY	NULL	NULL	NULL
517	SPECIALTY CHEMICALS	SPECIALTY CHEMICALS	126	TU_INDUSTRY126	0	NULL	TU_INDUSTRY	NULL	NULL	NULL
518	SPICES/DRY FRUITS - DRY FRUITS	SPICES/DRY FRUITS - DRY FRUITS	128	TU_INDUSTRY128	0	NULL	TU_INDUSTRY	NULL	NULL	NULL
519	SPORTS GOODS	SPORTS GOODS	130	TU_INDUSTRY130	0	NULL	TU_INDUSTRY	NULL	NULL	NULL
520	STORAGE and WAREHOUSING	STORAGE and WAREHOUSING	132	TU_INDUSTRY132	0	NULL	TU_INDUSTRY	NULL	NULL	NULL
521	SUGAR -DISTRIBUTOR	SUGAR -DISTRIBUTOR	134	TU_INDUSTRY134	0	NULL	TU_INDUSTRY	NULL	NULL	NULL
522	SUGAR - WHOLESALER	SUGAR - WHOLESALER	135	TU_INDUSTRY135	0	NULL	TU_INDUSTRY	NULL	NULL	NULL
523	TELECOM DISTRIBUTOR - HANDSETS	TELECOM DISTRIBUTOR - HANDSETS	137	TU_INDUSTRY137	0	NULL	TU_INDUSTRY	NULL	NULL	NULL
524	TEXTILES - SYNTHETIC	TEXTILES - SYNTHETIC	140	TU_INDUSTRY140	0	NULL	TU_INDUSTRY	NULL	NULL	NULL
525	TEX11LES MACHINERY	TEX11LES MACHINERY	141	TU_INDUSTRY141	0	NULL	TU_INDUSTRY	NULL	NULL	NULL
526	TRANSFORMERS	TRANSFORMERS	143	TU_INDUSTRY143	0	NULL	TU_INDUSTRY	NULL	NULL	NULL
527	TOURS and TRAVEL SERVICES - PACKAGE TOURS	TOURS and TRAVEL SERVICES - PACKAGE TOURS	145	TU_INDUSTRY145	0	NULL	TU_INDUSTRY	NULL	NULL	NULL
528	WOOLEN TEXTILES	WOOLEN TEXTILES	148	TU_INDUSTRY148	0	NULL	TU_INDUSTRY	NULL	NULL	NULL
529	OTHER PROFESSIONALS	OTHER PROFESSIONALS	149	TU_INDUSTRY149	0	NULL	TU_INDUSTRY	NULL	NULL	NULL
530	FMCG TOILETERIES	FMCG TOILETERIES	151	TU_INDUSTRY151	0	NULL	TU_INDUSTRY	NULL	NULL	NULL
531	ADVERTISING	ADVERTISING	153	TU_INDUSTRY153	0	NULL	TU_INDUSTRY	NULL	NULL	NULL
532	CEMENT	CEMENT	154	TU_INDUSTRY154	0	NULL	TU_INDUSTRY	NULL	NULL	NULL
533	COTTON TEXTILES	COTTON TEXTILES	156	TU_INDUSTRY156	0	NULL	TU_INDUSTRY	NULL	NULL	NULL
534	FERTILIZERS	FERTILIZERS	158	TU_INDUSTRY158	0	NULL	TU_INDUSTRY	NULL	NULL	NULL
535	FOOD PROCESSING	FOOD PROCESSING	159	TU_INDUSTRY159	0	NULL	TU_INDUSTRY	NULL	NULL	NULL
536	JUTE TEXTILES	JUTE TEXTILES	161	TU_INDUSTRY161	0	NULL	TU_INDUSTRY	NULL	NULL	NULL
537	LEATHER and LEATHER PRODUCT	LEATHER and LEATHER PRODUCT	162	TU_INDUSTRY162	0	NULL	TU_INDUSTRY	NULL	NULL	NULL
538	TEA	TEA	165	TU_INDUSTRY165	0	NULL	TU_INDUSTRY	NULL	NULL	NULL
539	TOBACCO TOB PRODUCTS	TOBACCO TOB PRODUCTS	166	TU_INDUSTRY166	0	NULL	TU_INDUSTRY	NULL	NULL	NULL
540	GEMS and JEW ELLERY	GEMS and JEW ELLERY	168	TU_INDUSTRY168	0	NULL	TU_INDUSTRY	NULL	NULL	NULL
541	HOSPITAL and DIAGNOSTIC CENTERS	HOSPITAL and DIAGNOSTIC CENTERS	170	TU_INDUSTRY170	0	NULL	TU_INDUSTRY	NULL	NULL	NULL
542	EDIABLE OILS AND SOLVENT EXTRACTS	EDIABLE OILS AND SOLVENT EXTRACTS	851	TU_INDUSTRY851	1	NULL	TU_INDUSTRY	NULL	NULL	NULL
543	AEROSPACE AND DEFENSE EQUIPMENT	AEROSPACE AND DEFENSE EQUIPMENT	852	TU_INDUSTRY852	1	NULL	TU_INDUSTRY	NULL	NULL	NULL
544	PETROL PUMPS	PETROL PUMPS	848	TU_INDUSTRY848	1	NULL	TU_INDUSTRY	NULL	NULL	NULL
545	CONSUMER DURABLES	CONSUMER DURABLES	849	TU_INDUSTRY849	1	NULL	TU_INDUSTRY	NULL	NULL	NULL
546	TWO WHEELER	TWO WHEELER	850	TU_INDUSTRY850	1	NULL	TU_INDUSTRY	NULL	NULL	NULL
