id	platform	content	created_at	updated_at
1	NULL	{"content":"<PrintLetterBarcodeData uid='abcd' name='abcd' gender='abcd' yob='abcd' house='abcd' street='abcd' loc='abcd' po='abcd' dist='abcd' subdist='abcd' state='abcd' pc='abcd' dob='abcd'\\/>"}	2018-06-10 13:51:45	2018-06-10 13:51:45
2	NULL	{"content":"<QPDAa n='abcd' u='abcd' g='abcd' d='abcd' aas='abcd' i='abcd' x='abcd' s='abcd'\\/>"}	2018-06-10 23:26:29	2018-06-10 23:26:29
3	1	{"content":"<PrintLetterBarcodeData uid='abcd' name='abcd' yob='abcd' house='abcd' street='abcd' loc='abcd' vtc='abcd' po='abcd' dist='abcd' subdist='abcd' state='abcd' pc='abcd' dob='abcd'\\/>"}	2018-06-11 09:13:21	2018-06-11 09:13:21
4	NULL	{"content":"<PrintLetterBarcodeData uid='abcd' name='abcd' gender='abcd' yob='abcd' house='abcd' street='abcd' lm='abcd' loc='abcd' vtc='abcd' po='abcd' dist='abcd' subdist='abcd' state='abcd' pc='abcd' dob='abcd'\\/>"}	2018-06-12 17:05:35	2018-06-12 17:05:35
5	NULL	{"content":"<PrintLetterBarcodeData uid='abcd' name='abcd' gender='abcd' yob='abcd' co='abcd' vtc='abcd' po='abcd' dist='abcd' subdist='abcd' state='abcd' pc='abcd' dob='abcd'\\/>"}	2018-06-12 07:38:29	2018-06-12 07:38:29
6	NULL	{"content":"<PrintLetterBarcodeData uid='abcd' name='abcd' gender='abcd' yob='abcd' co='abcd' house='abcd' street='abcd' loc='abcd' vtc='abcd' dist='abcd' state='abcd' pc='abcd'\\/>"}	2018-06-12 17:10:50	2018-06-12 17:10:50
7	NULL	{"content":"<PrintLetterBarcodeData uid='abcd' name='abcd' gender='abcd' yob='abcd' co='abcd' house='abcd' street='abcd' lm='abcd' loc='abcd' vtc='abcd' po='abcd' dist='abcd' subdist='abcd' state='abcd' pc='abcd' dob='abcd'\\/>"}	2018-06-12 17:16:25	2018-06-12 17:16:25
8	NULL	{"content":"<PrintLetterBarcodeData uid='abcd' name='abcd' gender='abcd' yob='abcd' co='abcd' house='abcd' street='abcd' lm='abcd' loc='abcd' vtc='abcd' po='abcd' dist='abcd' subdist='abcd' state='abcd' pc='abcd'\\/>"}	2018-06-12 17:19:07	2018-06-12 17:19:07
9	NULL	{"content":"<PrintLetterBarcodeData uid='abcd' name='abcd' gender='abcd' yob='abcd' co='abcd' house='abcd' street='abcd' loc='abcd' vtc='abcd' po='abcd' dist='abcd' subdist='abcd' state='abcd' pc='abcd'\\/>"}	2018-06-12 07:53:39	2018-06-12 07:53:39
10	NULL	{"content":"<PrintLetterBarcodeData uid='abcd' name='abcd' gender='abcd' yob='abcd' co='abcd' house='abcd' street='abcd' lm='abcd' vtc='abcd' po='abcd' dist='abcd' subdist='abcd' state='abcd' pc='abcd' dob='abcd'\\/>"}	2018-06-12 08:00:11	2018-06-12 08:00:11
11	NULL	{"content":"<PrintLetterBarcodeData uid='abcd' name='abcd' gender='abcd' yob='abcd' gname='abcd' co='abcd' house='abcd' street='abcd' loc='abcd' vtc='abcd' po='abcd' dist='abcd' subdist='abcd' state='abcd' pc='abcd' dob='abcd'\\/>"}	2018-06-12 17:31:03	2018-06-12 17:31:03
12	NULL	{"content":"<PrintLetterBarcodeData uid='abcd' name='abcd' gender='abcd' yob='abcd' co='abcd' house='abcd' street='abcd' lm='abcd' loc='abcd' vtc='abcd' dist='abcd' state='abcd' pc='abcd' dob='abcd'\\/>"}	2018-06-12 08:05:32	2018-06-12 08:05:32
13	NULL	{"content":"<PrintLetterBarcodeData uid='abcd' name='abcd' gender='abcd' yob='abcd' co='abcd' house='abcd' street='abcd' vtc='abcd' po='abcd' dist='abcd' subdist='abcd' state='abcd' pc='abcd' dob='abcd'\\/>"}	2018-06-12 08:09:54	2018-06-12 08:09:54
14	NULL	{"content":"<PrintLetterBarcodeData uid='abcd' name='abcd' gender='abcd' yob='abcd' gname='abcd' co='abcd' house='abcd' street='abcd' lm='abcd' vtc='abcd' po='abcd' dist='abcd' subdist='abcd' state='abcd' pc='abcd' dob='abcd'\\/>"}	2018-06-12 17:42:15	2018-06-12 17:42:15
15	NULL	{"content":"<PrintLetterBarcodeData uid='abcd' name='abcd' gender='abcd' yob='abcd' co='abcd' house='abcd' street='abcd' loc='abcd' vtc='abcd' po='abcd' dist='abcd' subdist='abcd' state='abcd' pc='abcd' dob='abcd'\\/>"}	2018-06-12 17:44:06	2018-06-12 17:44:06
16	NULL	{"content":"<PrintLetterBarcodeData uid='abcd' name='abcd' gender='abcd' yob='abcd' co='abcd' house='abcd' street='abcd' lm='abcd' loc='abcd' vtc='abcd' dist='abcd' state='abcd' pc='abcd'\\/>"}	2018-06-12 08:18:33	2018-06-12 08:18:33
17	NULL	{"content":"<PrintLetterBarcodeData uid='abcd' name='abcd' gender='abcd' yob='abcd' house='abcd' street='abcd' lm='abcd' vtc='abcd' po='abcd' dist='abcd' subdist='abcd' state='abcd' pc='abcd' dob='abcd'\\/>"}	2018-06-12 17:52:44	2018-06-12 17:52:44
18	NULL	{"content":"<PrintLetterBarcodeData uid='abcd' name='abcd' gender='abcd' yob='abcd' gname='abcd' vtc='abcd' po='abcd' dist='abcd' state='abcd' pc='abcd'\\/>"}	2018-06-12 17:55:14	2018-06-12 17:55:14
19	NULL	{"content":"<PrintLetterBarcodeData uid='abcd' name='abcd' gender='abcd' yob='abcd' gname='abcd' co='abcd' house='abcd' street='abcd' lm='abcd' vtc='abcd' po='abcd' dist='abcd' subdist='abcd' state='abcd' pc='abcd'\\/>"}	2018-06-12 08:29:57	2018-06-12 08:29:57
20	NULL	{"content":"<PrintLetterBarcodeData uid='abcd' name='abcd' gender='abcd' yob='abcd' house='abcd' street='abcd' lm='abcd' vtc='abcd' dist='abcd' subdist='abcd' state='abcd' pc='abcd' dob='abcd'\\/>"}	2018-06-12 18:01:09	2018-06-12 18:01:09
21	NULL	{"content":"<PrintLetterBarcodeData uid='abcd' name='abcd' gender='abcd' yob='abcd' gname='abcd' house='abcd' lm='abcd' loc='abcd' vtc='abcd' po='abcd' dist='abcd' subdist='abcd' state='abcd' pc='abcd' dob='abcd'\\/>"}	2018-06-12 18:01:26	2018-06-12 18:01:26
22	NULL	{"content":"<PrintLetterBarcodeData uid='abcd' name='abcd' gender='abcd' yob='abcd' lm='abcd' loc='abcd' vtc='abcd' dist='abcd' state='abcd' pc='abcd'\\/>"}	2018-06-12 18:04:05	2018-06-12 18:04:05
23	NULL	{"content":"<PrintLetterBarcodeData uid='abcd' name='abcd' gender='abcd' yob='abcd' gname='abcd' street='abcd' vtc='abcd' po='abcd' dist='abcd' state='abcd' pc='abcd' dob='abcd'\\/>"}	2018-06-12 18:08:15	2018-06-12 18:08:15
24	NULL	{"content":"<PrintLetterBarcodeData uid='abcd' name='abcd' gender='abcd' yob='abcd' co='abcd' loc='abcd' vtc='abcd' po='abcd' dist='abcd' state='abcd' pc='abcd'\\/>"}	2018-06-12 18:08:53	2018-06-12 18:08:53
25	NULL	{"content":"<PrintLetterBarcodeData uid='abcd' name='abcd' gender='abcd' yob='abcd' co='abcd' house='abcd' loc='abcd' vtc='abcd' po='abcd' dist='abcd' subdist='abcd' state='abcd' pc='abcd' dob='abcd'\\/>"}	2018-06-12 08:43:01	2018-06-12 08:43:01
26	NULL	{"content":"<PrintLetterBarcodeData uid='abcd' name='abcd' gender='abcd' yob='abcd' co='abcd' house='abcd' street='abcd' lm='abcd' loc='abcd' vtc='abcd' po='abcd' dist='abcd' state='abcd' pc='abcd'\\/>"}	2018-06-12 08:44:21	2018-06-12 08:44:21
27	NULL	{"content":"<PrintLetterBarcodeData uid='abcd' name='abcd' gender='abcd' yob='abcd' house='abcd' lm='abcd' loc='abcd' vtc='abcd' po='abcd' dist='abcd' subdist='abcd' state='abcd' pc='abcd'\\/>"}	2018-06-12 08:53:26	2018-06-12 08:53:26
28	NULL	{"content":"<PrintLetterBarcodeData uid='abcd' name='abcd' gender='abcd' yob='abcd' house='abcd' street='abcd' loc='abcd' vtc='abcd' po='abcd' dist='abcd' subdist='abcd' state='abcd' pc='abcd'\\/>"}	2018-06-12 18:24:42	2018-06-12 18:24:42
29	NULL	{"content":"<PrintLetterBarcodeData uid='abcd' name='abcd' gender='abcd' yob='abcd' co='abcd' house='abcd' street='abcd' loc='abcd' vtc='abcd' po='abcd' dist='abcd' state='abcd' pc='abcd' dob='abcd'\\/>"}	2018-06-12 08:55:43	2018-06-12 08:55:43
30	NULL	{"content":"<PrintLetterBarcodeData uid='abcd' name='abcd' gender='abcd' yob='abcd' gname='abcd' house='abcd' street='abcd' loc='abcd' vtc='abcd' po='abcd' dist='abcd' subdist='abcd' state='abcd' pc='abcd'\\/>"}	2018-06-12 18:26:56	2018-06-12 18:26:56
31	NULL	{"content":"<PrintLetterBarcodeData uid='abcd' name='abcd' gender='abcd' yob='abcd' house='abcd' street='abcd' lm='abcd' loc='abcd' vtc='abcd' dist='abcd' state='abcd' pc='abcd'\\/>"}	2018-06-12 08:59:26	2018-06-12 08:59:26
32	NULL	{"content":"<PrintLetterBarcodeData uid='abcd' name='abcd' gender='abcd' yob='abcd' co='abcd' house='abcd' lm='abcd' vtc='abcd' po='abcd' dist='abcd' subdist='abcd' state='abcd' pc='abcd' dob='abcd'\\/>"}	2018-06-12 09:02:04	2018-06-12 09:02:04
33	NULL	{"content":"<PrintLetterBarcodeData uid='abcd' name='abcd' gender='abcd' yob='abcd' co='abcd' loc='abcd' vtc='abcd' dist='abcd' state='abcd' pc='abcd' dob='abcd'\\/>"}	2018-06-12 18:37:52	2018-06-12 18:37:52
34	NULL	{"content":"<PrintLetterBarcodeData uid='abcd' name='abcd' gender='abcd' yob='abcd' co='abcd' loc='abcd' vtc='abcd' dist='abcd' state='abcd' pc='abcd'\\/>"}	2018-06-12 18:49:33	2018-06-12 18:49:33
35	NULL	{"content":"<PrintLetterBarcodeData uid='abcd' name='abcd' gender='abcd' yob='abcd' co='abcd' loc='abcd' vtc='abcd' dist='abcd' subdist='abcd' state='abcd' pc='abcd' dob='abcd'\\/>"}	2018-06-12 09:36:34	2018-06-12 09:36:34
36	NULL	{"content":"<PrintLetterBarcodeData uid='abcd' name='abcd' gender='abcd' yob='abcd' street='abcd' lm='abcd' vtc='abcd' po='abcd' dist='abcd' state='abcd' pc='abcd' dob='abcd'\\/>"}	2018-06-12 09:51:16	2018-06-12 09:51:16
37	NULL	{"content":"<PrintLetterBarcodeData uid='abcd' name='abcd' gender='abcd' yob='abcd' co='abcd' lm='abcd' loc='abcd' vtc='abcd' po='abcd' dist='abcd' state='abcd' pc='abcd'\\/>"}	2018-06-12 09:55:02	2018-06-12 09:55:02
38	NULL	{"content":"<PrintLetterBarcodeData uid='abcd' name='abcd' gender='abcd' yob='abcd' co='abcd' house='abcd' lm='abcd' loc='abcd' vtc='abcd' po='abcd' dist='abcd' state='abcd' pc='abcd' dob='abcd'\\/>"}	2018-06-12 09:56:31	2018-06-12 09:56:31
39	NULL	{"content":"<PrintLetterBarcodeData uid='abcd' name='abcd' gender='abcd' yob='abcd' gname='abcd' co='abcd' house='abcd' street='abcd' vtc='abcd' po='abcd' dist='abcd' subdist='abcd' state='abcd' pc='abcd'\\/>"}	2018-06-12 19:31:08	2018-06-12 19:31:08
40	NULL	{"content":"<PrintLetterBarcodeData uid='abcd' name='abcd' gender='abcd' yob='abcd' co='abcd' house='abcd' street='abcd' lm='abcd' vtc='abcd' po='abcd' dist='abcd' subdist='abcd' state='abcd' pc='abcd'\\/>"}	2018-06-12 10:03:23	2018-06-12 10:03:23
41	NULL	{"content":"<PrintLetterBarcodeData uid='abcd' name='abcd' gender='abcd' yob='abcd' gname='abcd' street='abcd' lm='abcd' vtc='abcd' dist='abcd' state='abcd' pc='abcd'\\/>"}	2018-06-12 10:27:02	2018-06-12 10:27:02
42	NULL	{"content":"<QDA n='abcd' u='abcd' g='abcd' d='abcd' a='abcd' x='abcd' s='abcd'\\/>"}	2018-06-12 10:28:08	2018-06-12 10:28:08
43	NULL	{"content":"<PrintLetterBarcodeData uid='abcd' name='abcd' gender='abcd' yob='abcd' co='abcd' loc='abcd' vtc='abcd' po='abcd' dist='abcd' subdist='abcd' state='abcd' pc='abcd' dob='abcd'\\/>"}	2018-06-12 10:33:56	2018-06-12 10:33:56
44	NULL	{"content":"<PrintLetterBarcodeData uid='abcd' name='abcd' gender='abcd' yob='abcd' co='abcd' lm='abcd' loc='abcd' vtc='abcd' dist='abcd' state='abcd' pc='abcd'\\/>"}	2018-06-12 10:41:44	2018-06-12 10:41:44
45	NULL	{"content":"<PrintLetterBarcodeData uid='abcd' name='abcd' gender='abcd' yob='abcd' co='abcd' street='abcd' lm='abcd' loc='abcd' vtc='abcd' po='abcd' dist='abcd' subdist='abcd' state='abcd' pc='abcd' dob='abcd'\\/>"}	2018-06-12 10:53:58	2018-06-12 10:53:58
46	NULL	{"content":"<PrintLetterBarcodeData uid='abcd' name='abcd' gender='abcd' yob='abcd' gname='abcd' house='abcd' street='abcd' lm='abcd' loc='abcd' vtc='abcd' po='abcd' dist='abcd' subdist='abcd' state='abcd' pc='abcd' dob='abcd'\\/>"}	2018-06-12 11:04:39	2018-06-12 11:04:39
47	NULL	{"content":"<PrintLetterBarcodeData uid='abcd' name='abcd' gender='abcd' yob='abcd' co='abcd' house='abcd' lm='abcd' loc='abcd' vtc='abcd' po='abcd' dist='abcd' subdist='abcd' state='abcd' pc='abcd'\\/>"}	2018-06-12 11:11:03	2018-06-12 11:11:03
48	NULL	{"content":"<PrintLetterBarcodeData uid='abcd' name='abcd' gender='abcd' yob='abcd' gname='abcd' house='abcd' street='abcd' lm='abcd' vtc='abcd' po='abcd' dist='abcd' subdist='abcd' state='abcd' pc='abcd' dob='abcd'\\/>"}	2018-06-12 11:15:58	2018-06-12 11:15:58
49	NULL	{"content":"<PrintLetterBarcodeData uid='abcd' name='abcd' gender='abcd' yob='abcd' dob='abcd' co='abcd' house='abcd' street='abcd' loc='abcd' vtc='abcd' po='abcd' dist='abcd' subdist='abcd' state='abcd' pc='abcd'\\/>"}	2018-06-12 20:46:39	2018-06-12 20:46:39
50	NULL	{"content":"<PrintLetterBarcodeData uid='abcd' name='abcd' gender='abcd' yob='abcd' co='abcd' lm='abcd' vtc='abcd' po='abcd' dist='abcd' subdist='abcd' state='abcd' pc='abcd' dob='abcd'\\/>"}	2018-06-12 11:21:03	2018-06-12 11:21:03
51	NULL	{"content":"<PrintLetterBarcodeData uid='abcd' name='abcd' gender='abcd' yob='abcd' lm='abcd' loc='abcd' vtc='abcd' dist='abcd' subdist='abcd' state='abcd' pc='abcd' dob='abcd'\\/>"}	2018-06-12 20:52:26	2018-06-12 20:52:26
52	NULL	{"content":"<PrintLetterBarcodeData uid='abcd' name='abcd' gender='abcd' yob='abcd' gname='abcd' house='abcd' street='abcd' lm='abcd' vtc='abcd' dist='abcd' state='abcd' pc='abcd'\\/>"}	2018-06-12 11:25:33	2018-06-12 11:25:33
53	NULL	{"content":"<PrintLetterBarcodeData uid='abcd' name='abcd' gender='abcd' yob='abcd' co='abcd' lm='abcd' vtc='abcd' po='abcd' dist='abcd' state='abcd' pc='abcd'\\/>"}	2018-06-12 21:08:58	2018-06-12 21:08:58
54	NULL	{"content":"<PrintLetterBarcodeData uid='abcd' name='abcd' gender='abcd' yob='abcd' co='abcd' house='abcd' lm='abcd' loc='abcd' vtc='abcd' dist='abcd' state='abcd' pc='abcd'\\/>"}	2018-06-12 21:10:12	2018-06-12 21:10:12
55	NULL	{"content":"<PrintLetterBarcodeData uid='abcd' name='abcd' gender='abcd' yob='abcd' co='abcd' house='abcd' lm='abcd' loc='abcd' vtc='abcd' dist='abcd' state='abcd' pc='abcd'\\/>"}	2018-06-12 11:40:12	2018-06-12 11:40:12
56	NULL	{"content":"<PrintLetterBarcodeData uid='abcd' name='abcd' gender='abcd' yob='abcd' gname='abcd' co='abcd' street='abcd' lm='abcd' vtc='abcd' po='abcd' dist='abcd' state='abcd' pc='abcd'\\/>"}	2018-06-12 11:40:28	2018-06-12 11:40:28
57	NULL	{"content":"<PrintLetterBarcodeData uid='abcd' name='abcd' gender='abcd' yob='abcd' co='abcd' lm='abcd' loc='abcd' vtc='abcd' po='abcd' dist='abcd' subdist='abcd' state='abcd' pc='abcd'\\/>"}	2018-06-12 11:40:40	2018-06-12 11:40:40
58	NULL	{"content":"<PrintLetterBarcodeData uid='abcd' name='abcd' gender='abcd' yob='abcd' co='abcd' house='abcd' loc='abcd' vtc='abcd' po='abcd' dist='abcd' state='abcd' pc='abcd'\\/>"}	2018-06-12 11:52:46	2018-06-12 11:52:46
59	NULL	{"content":"<PrintLetterBarcodeData uid='abcd' name='abcd' gender='abcd' yob='abcd' gname='abcd' co='abcd' house='abcd' street='abcd' vtc='abcd' po='abcd' dist='abcd' subdist='abcd' state='abcd' pc='abcd' dob='abcd'\\/>"}	2018-06-12 21:51:13	2018-06-12 21:51:13
60	NULL	{"content":"<PrintLetterBarcodeData uid='abcd' name='abcd' gender='abcd' yob='abcd' house='abcd' street='abcd' lm='abcd' loc='abcd' vtc='abcd' po='abcd' dist='abcd' subdist='abcd' state='abcd' pc='abcd'\\/>"}	2018-06-12 12:30:43	2018-06-12 12:30:43
61	NULL	{"content":"<PrintLetterBarcodeData uid='abcd' name='abcd' gender='abcd' yob='abcd' gname='abcd' house='abcd' street='abcd' lm='abcd' loc='abcd' vtc='abcd' po='abcd' dist='abcd' subdist='abcd' state='abcd' pc='abcd'\\/>"}	2018-06-12 22:01:23	2018-06-12 22:01:23
62	NULL	{"content":"<PrintLetterBarcodeData uid='abcd' name='abcd' gender='abcd' yob='abcd' house='abcd' street='abcd' lm='abcd' loc='abcd' vtc='abcd' po='abcd' dist='abcd' state='abcd' pc='abcd'\\/>"}	2018-06-12 22:23:24	2018-06-12 22:23:24
63	NULL	{"content":"<PrintLetterBarcodeData uid='abcd' name='abcd' gender='abcd' yob='abcd' gname='abcd' loc='abcd' vtc='abcd' po='abcd' dist='abcd' subdist='abcd' state='abcd' pc='abcd' dob='abcd'\\/>"}	2018-06-12 22:39:57	2018-06-12 22:39:57
64	NULL	{"content":"<PrintLetterBarcodeData uid='abcd' name='abcd' gender='abcd' yob='abcd' gname='abcd' co='abcd' lm='abcd' loc='abcd' vtc='abcd' po='abcd' dist='abcd' state='abcd' pc='abcd'\\/>"}	2018-06-12 22:46:11	2018-06-12 22:46:11
65	NULL	{"content":"<PrintLetterBarcodeData uid='abcd' name='abcd' gender='abcd' yob='abcd' co='abcd' house='abcd' loc='abcd' vtc='abcd' po='abcd' dist='abcd' subdist='abcd' state='abcd' pc='abcd'\\/>"}	2018-06-12 13:25:08	2018-06-12 13:25:08
66	NULL	{"content":"<PrintLetterBarcodeData uid='abcd' name='abcd' gender='abcd' yob='abcd' co='abcd' house='abcd' street='abcd' loc='abcd' vtc='abcd' dist='abcd' state='abcd' pc='abcd' dob='abcd'\\/>"}	2018-06-12 23:02:27	2018-06-12 23:02:27
67	NULL	{"content":"<PrintLetterBarcodeData uid='abcd' name='abcd' gender='abcd' yob='abcd' gname='abcd' co='abcd' house='abcd' street='abcd' vtc='abcd' po='abcd' dist='abcd' state='abcd' pc='abcd'\\/>"}	2018-06-12 13:36:55	2018-06-12 13:36:55
68	NULL	{"content":"<PrintLetterBarcodeData uid='abcd' name='abcd' gender='abcd' yob='abcd' co='abcd' house='abcd' street='abcd' vtc='abcd' po='abcd' dist='abcd' subdist='abcd' state='abcd' pc='abcd'\\/>"}	2018-06-12 23:10:32	2018-06-12 23:10:32
69	NULL	{"content":"<PrintLetterBarcodeData uid='abcd' name='abcd' gender='abcd' yob='abcd' gname='abcd' co='abcd' house='abcd' street='abcd' lm='abcd' vtc='abcd' po='abcd' dist='abcd' state='abcd' pc='abcd'\\/>"}	2018-06-12 13:52:01	2018-06-12 13:52:01
70	NULL	{"content":"<PrintLetterBarcodeData uid='abcd' name='abcd' gender='abcd' yob='abcd' loc='abcd' vtc='abcd' dist='abcd' subdist='abcd' state='abcd' pc='abcd' dob='abcd'\\/>"}	2018-06-12 14:04:25	2018-06-12 14:04:25
71	NULL	{"content":"<PrintLetterBarcodeData uid='abcd' name='abcd' gender='abcd' yob='abcd' gname='abcd' co='abcd' house='abcd' lm='abcd' vtc='abcd' po='abcd' dist='abcd' state='abcd' pc='abcd' dob='abcd'\\/>"}	2018-06-12 23:55:25	2018-06-12 23:55:25
72	NULL	{"content":"<PrintLetterBarcodeData uid='abcd' name='abcd' gender='abcd' yob='abcd' loc='abcd' vtc='abcd' po='abcd' dist='abcd' state='abcd' pc='abcd'\\/>"}	2018-06-13 01:28:04	2018-06-13 01:28:04
73	NULL	{"content":"<PrintLetterBarcodeData uid='abcd' name='abcd' gender='abcd' yob='abcd' co='abcd' house='abcd' lm='abcd' loc='abcd' vtc='abcd' po='abcd' dist='abcd' state='abcd' pc='abcd'\\/>"}	2018-06-13 01:53:58	2018-06-13 01:53:58
74	NULL	{"content":"<PrintLetterBarcodeData uid='abcd' name='abcd' gender='abcd' yob='abcd' house='abcd' loc='abcd' vtc='abcd' po='abcd' dist='abcd' subdist='abcd' state='abcd' pc='abcd'\\/>"}	2018-06-13 02:53:24	2018-06-13 02:53:24
75	NULL	{"content":"<PrintLetterBarcodeData uid='abcd' name='abcd' gender='abcd' yob='abcd' co='abcd' lm='abcd' loc='abcd' vtc='abcd' po='abcd' dist='abcd' subdist='abcd' state='abcd' pc='abcd' dob='abcd'\\/>"}	2018-06-12 21:05:38	2018-06-12 21:05:38
76	NULL	{"content":"<PrintLetterBarcodeData uid='abcd' name='abcd' gender='abcd' yob='abcd' co='abcd' house='abcd' street='abcd' vtc='abcd' po='abcd' dist='abcd' state='abcd' pc='abcd' dob='abcd'\\/>"}	2018-06-13 07:10:20	2018-06-13 07:10:20
77	NULL	{"content":"<PrintLetterBarcodeData uid='abcd' name='abcd' gender='abcd' yob='abcd' gname='abcd' co='abcd' house='abcd' lm='abcd' loc='abcd' vtc='abcd' po='abcd' dist='abcd' state='abcd' pc='abcd'\\/>"}	2018-06-12 22:26:31	2018-06-12 22:26:31
78	NULL	{"content":"<PrintLetterBarcodeData uid='abcd' name='abcd' gender='abcd' yob='abcd' gname='abcd' house='abcd' street='abcd' vtc='abcd' po='abcd' dist='abcd' subdist='abcd' state='abcd' pc='abcd' dob='abcd'\\/>"}	2018-06-12 22:44:40	2018-06-12 22:44:40
79	NULL	{"content":"<PrintLetterBarcodeData uid='abcd' name='abcd' gender='abcd' yob='abcd' house='abcd' lm='abcd' loc='abcd' vtc='abcd' po='abcd' dist='abcd' subdist='abcd' state='abcd' pc='abcd' dob='abcd'\\/>"}	2018-06-12 23:09:06	2018-06-12 23:09:06
80	NULL	{"content":"<PrintLetterBarcodeData uid='abcd' name='abcd' gender='abcd' yob='abcd' co='abcd' house='abcd' street='abcd' loc='abcd' vtc='abcd' po='abcd' dist='abcd' state='abcd' pc='abcd'\\/>"}	2018-06-12 23:41:08	2018-06-12 23:41:08
81	NULL	{"content":"<PrintLetterBarcodeData uid='abcd' name='abcd' gender='abcd' yob='abcd' lm='abcd' loc='abcd' vtc='abcd' po='abcd' dist='abcd' state='abcd' pc='abcd'\\/>"}	2018-06-13 00:08:03	2018-06-13 00:08:03
82	NULL	{"content":"<PrintLetterBarcodeData uid='abcd' name='abcd' gender='abcd' yob='abcd' co='abcd' lm='abcd' vtc='abcd' po='abcd' dist='abcd' subdist='abcd' state='abcd' pc='abcd'\\/>"}	2018-06-13 09:43:46	2018-06-13 09:43:46
83	NULL	{"content":"<PrintLetterBarcodeData uid='abcd' name='abcd' gender='abcd' yob='abcd' gname='abcd' co='abcd' house='abcd' street='abcd' lm='abcd' loc='abcd' vtc='abcd' po='abcd' dist='abcd' subdist='abcd' state='abcd' pc='abcd' dob='abcd'\\/>"}	2018-06-13 00:23:23	2018-06-13 00:23:23
84	NULL	{"content":"<PrintLetterBarcodeData uid='abcd' name='abcd' gender='abcd' yob='abcd' co='abcd' house='abcd' street='abcd' lm='abcd' loc='abcd' vtc='abcd' po='abcd' dist='abcd' state='abcd' pc='abcd' dob='abcd'\\/>"}	2018-06-13 00:26:22	2018-06-13 00:26:22
85	NULL	{"content":"<PrintLetterBarcodeData uid='abcd' name='abcd' gender='abcd' yob='abcd' co='abcd' lm='abcd' loc='abcd' vtc='abcd' dist='abcd' subdist='abcd' state='abcd' pc='abcd'\\/>"}	2018-06-13 10:35:20	2018-06-13 10:35:20
86	NULL	{"content":"<PrintLetterBarcodeData uid='abcd' name='abcd' gender='abcd' yob='abcd' co='abcd' house='abcd' lm='abcd' loc='abcd' vtc='abcd' po='abcd' dist='abcd' subdist='abcd' state='abcd' pc='abcd' dob='abcd'\\/>"}	2018-06-13 10:47:45	2018-06-13 10:47:45
87	NULL	{"content":"<PrintLetterBarcodeData uid='abcd' name='abcd' gender='abcd' yob='abcd' loc='abcd' vtc='abcd' po='abcd' dist='abcd' subdist='abcd' state='abcd' pc='abcd' dob='abcd'\\/>"}	2018-06-13 01:20:12	2018-06-13 01:20:12
88	NULL	{"content":"<PrintLetterBarcodeData uid='abcd' name='abcd' gender='abcd' yob='abcd' gname='abcd' vtc='abcd' po='abcd' dist='abcd' subdist='abcd' state='abcd' pc='abcd' dob='abcd'\\/>"}	2018-06-13 10:55:10	2018-06-13 10:55:10
89	1	{"content":"<PrintLetterBarcodeData uid='abcd' name='abcd' gender='abcd' yob='abcd' gname='abcd' house='abcd' street='abcd' lm='abcd' loc='abcd' vtc='abcd' po='abcd' dist='abcd' state='abcd' pc='abcd'\\/>"}	2018-06-13 10:55:19	2018-06-13 10:55:19
90	NULL	{"content":"<PrintLetterBarcodeData uid='abcd' name='abcd' gender='abcd' yob='abcd' gname='abcd' house='abcd' street='abcd' vtc='abcd' dist='abcd' state='abcd' pc='abcd'\\/>"}	2018-06-13 10:57:25	2018-06-13 10:57:25
91	NULL	{"content":"<PrintLetterBarcodeData uid='abcd' name='abcd' gender='abcd' yob='abcd' co='abcd' vtc='abcd' po='abcd' dist='abcd' state='abcd' pc='abcd'\\/>"}	2018-06-13 11:14:56	2018-06-13 11:14:56
92	NULL	{"content":"<PrintLetterBarcodeData uid='abcd' name='abcd' gender='abcd' yob='abcd' gname='abcd' house='abcd' street='abcd' lm='abcd' vtc='abcd' dist='abcd' state='abcd' pc='abcd' dob='abcd'\\/>"}	2018-06-13 11:42:57	2018-06-13 11:42:57
93	NULL	{"content":"<PrintLetterBarcodeData uid='abcd' name='abcd' gender='abcd' yob='abcd' house='abcd' street='abcd' lm='abcd' loc='abcd' vtc='abcd' dist='abcd' state='abcd' pc='abcd' dob='abcd'\\/>"}	2018-06-13 12:07:54	2018-06-13 12:07:54
94	NULL	{"content":"<PrintLetterBarcodeData uid='abcd' name='abcd' gender='abcd' yob='abcd' gname='abcd' co='abcd' house='abcd' lm='abcd' vtc='abcd' po='abcd' dist='abcd' subdist='abcd' state='abcd' pc='abcd' dob='abcd'\\/>"}	2018-06-13 02:45:43	2018-06-13 02:45:43
95	NULL	{"content":"<PrintLetterBarcodeData uid='abcd' name='abcd' gender='abcd' yob='abcd' co='abcd' loc='abcd' vtc='abcd' po='abcd' dist='abcd' state='abcd' pc='abcd' dob='abcd'\\/>"}	2018-06-13 03:17:51	2018-06-13 03:17:51
96	NULL	{"content":"<PrintLetterBarcodeData uid='abcd' name='abcd' gender='abcd' yob='abcd' co='abcd' loc='abcd' vtc='abcd' po='abcd' dist='abcd' state='abcd' pc='abcd' dob='abcd'\\/>"}	2018-06-13 03:17:51	2018-06-13 03:17:51
97	NULL	{"content":"<PrintLetterBarcodeData uid='abcd' name='abcd' gender='abcd' yob='abcd' gname='abcd' co='abcd' street='abcd' loc='abcd' vtc='abcd' po='abcd' dist='abcd' subdist='abcd' state='abcd' pc='abcd' dob='abcd'\\/>"}	2018-06-13 03:32:55	2018-06-13 03:32:55
98	NULL	{"content":"<PrintLetterBarcodeData uid='abcd' name='abcd' gender='abcd' yob='abcd' gname='abcd' street='abcd' lm='abcd' vtc='abcd' po='abcd' dist='abcd' subdist='abcd' state='abcd' pc='abcd' dob='abcd'\\/>"}	2018-06-13 13:04:49	2018-06-13 13:04:49
99	NULL	{"content":"<PrintLetterBarcodeData uid='abcd' name='abcd' gender='abcd' yob='abcd' co='abcd' house='abcd' street='abcd' lm='abcd' vtc='abcd' po='abcd' dist='abcd' state='abcd' pc='abcd' dob='abcd'\\/>"}	2018-06-13 03:36:55	2018-06-13 03:36:55
100	NULL	{"content":"<PrintLetterBarcodeData uid='abcd' name='abcd' gender='abcd' yob='abcd' co='abcd' house='abcd' street='abcd' lm='abcd' vtc='abcd' po='abcd' dist='abcd' state='abcd' pc='abcd' dob='abcd'\\/>"}	2018-06-13 03:36:55	2018-06-13 03:36:55
101	NULL	{"content":"<PrintLetterBarcodeData uid='abcd' name='abcd' gender='abcd' yob='abcd' co='abcd' vtc='abcd' po='abcd' dist='abcd' subdist='abcd' state='abcd' pc='abcd'\\/>"}	2018-06-13 03:49:46	2018-06-13 03:49:46
102	NULL	{"content":"<PrintLetterBarcodeData uid='abcd' name='abcd' gender='abcd' yob='abcd' co='abcd' house='abcd' loc='abcd' vtc='abcd' po='abcd' dist='abcd' state='abcd' pc='abcd' dob='abcd'\\/>"}	2018-06-13 13:24:08	2018-06-13 13:24:08
103	NULL	{"content":"<PrintLetterBarcodeData uid='abcd' name='abcd' gender='abcd' yob='abcd' co='abcd' house='abcd' loc='abcd' vtc='abcd' dist='abcd' state='abcd' pc='abcd'\\/>"}	2018-06-13 03:55:12	2018-06-13 03:55:12
104	NULL	{"content":"<PrintLetterBarcodeData uid='abcd' name='abcd' gender='abcd' yob='abcd' gname='abcd' co='abcd' house='abcd' lm='abcd' loc='abcd' vtc='abcd' po='abcd' dist='abcd' subdist='abcd' state='abcd' pc='abcd' dob='abcd'\\/>"}	2018-06-13 13:34:49	2018-06-13 13:34:49
105	NULL	{"content":"<QPDB n='abcd' u='abcd' g='abcd' m='abcd' d='abcd' a='abcd' i='abcd' x='abcd' s='abcd'\\/>"}	2018-06-13 04:09:37	2018-06-13 04:09:37
106	NULL	{"content":"<PrintLetterBarcodeData uid='abcd' name='abcd' gender='abcd' yob='abcd' gname='abcd' house='abcd' lm='abcd' vtc='abcd' po='abcd' dist='abcd' state='abcd' pc='abcd' dob='abcd'\\/>"}	2018-06-13 13:40:40	2018-06-13 13:40:40
107	NULL	{"content":"<PrintLetterBarcodeData uid='abcd' name='abcd' gender='abcd' yob='abcd' gname='abcd' house='abcd' street='abcd' lm='abcd' vtc='abcd' po='abcd' dist='abcd' state='abcd' pc='abcd'\\/>"}	2018-06-13 04:18:15	2018-06-13 04:18:15
108	NULL	{"content":"<PrintLetterBarcodeData uid='abcd' name='abcd' gender='abcd' yob='abcd' gname='abcd' house='abcd' street='abcd' lm='abcd' vtc='abcd' po='abcd' dist='abcd' state='abcd' pc='abcd'\\/>"}	2018-06-13 04:18:15	2018-06-13 04:18:15
109	NULL	{"content":"<PrintLetterBarcodeData uid='abcd' name='abcd' gender='abcd' yob='abcd' street='abcd' lm='abcd' loc='abcd' vtc='abcd' po='abcd' dist='abcd' subdist='abcd' state='abcd' pc='abcd' dob='abcd'\\/>"}	2018-06-13 04:23:37	2018-06-13 04:23:37
110	NULL	{"content":"<PrintLetterBarcodeData uid='abcd' name='abcd' gender='abcd' yob='abcd' co='abcd' house='abcd' vtc='abcd' po='abcd' dist='abcd' subdist='abcd' state='abcd' pc='abcd' dob='abcd'\\/>"}	2018-06-13 14:27:11	2018-06-13 14:27:11
111	NULL	{"content":"<PrintLetterBarcodeData uid='abcd' name='abcd' gender='abcd' yob='abcd' street='abcd' loc='abcd' vtc='abcd' po='abcd' dist='abcd' subdist='abcd' state='abcd' pc='abcd' dob='abcd'\\/>"}	2018-06-13 14:30:47	2018-06-13 14:30:47
112	NULL	{"content":"<PrintLetterBarcodeData uid='abcd' name='abcd' gender='abcd' yob='abcd' gname='abcd' house='abcd' street='abcd' loc='abcd' vtc='abcd' po='abcd' dist='abcd' subdist='abcd' state='abcd' pc='abcd' dob='abcd'\\/>"}	2018-06-13 05:14:27	2018-06-13 05:14:27
113	NULL	{"content":"<PrintLetterBarcodeData uid='abcd' name='abcd' gender='abcd' yob='abcd' co='abcd' street='abcd' loc='abcd' vtc='abcd' po='abcd' dist='abcd' state='abcd' pc='abcd'\\/>"}	2018-06-13 14:44:43	2018-06-13 14:44:43
114	NULL	{"content":"<PrintLetterBarcodeData uid='abcd' name='abcd' gender='abcd' yob='abcd' co='abcd' house='abcd' vtc='abcd' po='abcd' dist='abcd' subdist='abcd' state='abcd' pc='abcd'\\/>"}	2018-06-13 05:22:17	2018-06-13 05:22:17
115	NULL	{"content":"<PrintLetterBarcodeData uid='abcd' name='abcd' gender='abcd' yob='abcd' lm='abcd' loc='abcd' vtc='abcd' po='abcd' dist='abcd' subdist='abcd' state='abcd' pc='abcd' dob='abcd'\\/>"}	2018-06-13 05:36:51	2018-06-13 05:36:51
116	NULL	{"content":"<PrintLetterBarcodeData uid='abcd' name='abcd' gender='abcd' yob='abcd' gname='abcd' house='abcd' street='abcd' vtc='abcd' po='abcd' dist='abcd' state='abcd' pc='abcd' dob='abcd'\\/>"}	2018-06-13 15:13:09	2018-06-13 15:13:09
117	NULL	{"content":"<PrintLetterBarcodeData uid='abcd' name='abcd' gender='abcd' yob='abcd' vtc='abcd' po='abcd' dist='abcd' subdist='abcd' state='abcd' pc='abcd'\\/>"}	2018-06-13 15:17:19	2018-06-13 15:17:19
118	NULL	{"content":"<PrintLetterBarcodeData uid='abcd' name='abcd' gender='abcd' yob='abcd' co='abcd' street='abcd' vtc='abcd' po='abcd' dist='abcd' subdist='abcd' state='abcd' pc='abcd' dob='abcd'\\/>"}	2018-06-13 16:32:36	2018-06-13 16:32:36
119	NULL	{"content":"<PrintLetterBarcodeData uid='abcd' name='abcd' gender='abcd' yob='abcd' house='abcd' loc='abcd' vtc='abcd' dist='abcd' subdist='abcd' state='abcd' pc='abcd' dob='abcd'\\/>"}	2018-06-13 16:41:14	2018-06-13 16:41:14
120	NULL	{"content":"<PrintLetterBarcodeData uid='abcd' name='abcd' gender='abcd' yob='abcd' gname='abcd' co='abcd' lm='abcd' loc='abcd' vtc='abcd' dist='abcd' state='abcd' pc='abcd'\\/>"}	2018-06-13 16:41:38	2018-06-13 16:41:38
121	NULL	{"content":"<PrintLetterBarcodeData uid='abcd' name='abcd' gender='abcd' yob='abcd' house='abcd' lm='abcd' vtc='abcd' po='abcd' dist='abcd' subdist='abcd' state='abcd' pc='abcd'\\/>"}	2018-06-13 16:49:31	2018-06-13 16:49:31
122	NULL	{"content":"<PrintLetterBarcodeData uid='abcd' name='abcd' gender='abcd' yob='abcd' co='abcd' house='abcd' street='abcd' vtc='abcd' po='abcd' dist='abcd' state='abcd' pc='abcd'\\/>"}	2018-06-13 07:25:07	2018-06-13 07:25:07
123	NULL	{"content":"<PrintLetterBarcodeData uid='abcd' name='abcd' gender='abcd' yob='abcd' lm='abcd' loc='abcd' vtc='abcd' po='abcd' dist='abcd' subdist='abcd' state='abcd' pc='abcd'\\/>"}	2018-06-13 17:02:05	2018-06-13 17:02:05
124	NULL	{"content":"<PrintLetterBarcodeData uid='abcd' name='abcd' gender='abcd' yob='abcd' lm='abcd' loc='abcd' vtc='abcd' po='abcd' dist='abcd' subdist='abcd' state='abcd' pc='abcd'\\/>"}	2018-06-13 07:32:05	2018-06-13 07:32:05
125	NULL	{"content":"<PrintLetterBarcodeData uid='abcd' name='abcd' gender='abcd' yob='abcd' gname='abcd' co='abcd' house='abcd' street='abcd' lm='abcd' loc='abcd' vtc='abcd' po='abcd' dist='abcd' subdist='abcd' state='abcd' pc='abcd'\\/>"}	2018-06-13 17:10:00	2018-06-13 17:10:00
126	NULL	{"content":"<PrintLetterBarcodeData uid='abcd' name='abcd' gender='abcd' yob='abcd' gname='abcd' co='abcd' lm='abcd' loc='abcd' vtc='abcd' dist='abcd' state='abcd' pc='abcd' dob='abcd'\\/>"}	2018-06-13 07:43:28	2018-06-13 07:43:28
127	NULL	{"content":"<PrintLetterBarcodeData uid='abcd' name='abcd' gender='abcd' yob='abcd' co='abcd' house='abcd' lm='abcd' vtc='abcd' dist='abcd' state='abcd' pc='abcd' dob='abcd'\\/>"}	2018-06-13 07:45:27	2018-06-13 07:45:27
128	NULL	{"content":"<PrintLetterBarcodeData uid='abcd' name='abcd' gender='abcd' yob='abcd' house='abcd' street='abcd' loc='abcd' vtc='abcd' po='abcd' dist='abcd' state='abcd' pc='abcd'\\/>"}	2018-06-13 08:32:28	2018-06-13 08:32:28
129	NULL	{"content":"<PrintLetterBarcodeData uid='abcd' name='abcd' gender='abcd' yob='abcd' gname='abcd' lm='abcd' vtc='abcd' po='abcd' dist='abcd' state='abcd' pc='abcd'\\/>"}	2018-06-13 18:05:44	2018-06-13 18:05:44
130	NULL	{"content":"<PrintLetterBarcodeData uid='abcd' name='abcd' gender='abcd' yob='abcd' house='abcd' street='abcd' lm='abcd' loc='abcd' vtc='abcd' po='abcd' dist='abcd' state='abcd' pc='abcd' dob='abcd'\\/>"}	2018-06-13 08:39:30	2018-06-13 08:39:30
131	NULL	{"content":"<PrintLetterBarcodeData uid='abcd' name='abcd' gender='abcd' yob='abcd' house='abcd' loc='abcd' vtc='abcd' po='abcd' dist='abcd' subdist='abcd' state='abcd' pc='abcd' dob='abcd'\\/>"}	2018-06-13 18:11:41	2018-06-13 18:11:41
132	NULL	{"content":"<PrintLetterBarcodeData uid='abcd' name='abcd' gender='abcd' yob='abcd' gname='abcd' house='abcd' street='abcd' lm='abcd' vtc='abcd' po='abcd' dist='abcd' subdist='abcd' state='abcd' pc='abcd'\\/>"}	2018-06-13 18:19:08	2018-06-13 18:19:08
133	NULL	{"content":"<PrintLetterBarcodeData uid='abcd' name='abcd' gender='abcd' yob='abcd' co='abcd' street='abcd' lm='abcd' loc='abcd' vtc='abcd' dist='abcd' state='abcd' pc='abcd'\\/>"}	2018-06-13 08:53:35	2018-06-13 08:53:35
134	NULL	{"content":"<PrintLetterBarcodeData uid='abcd' name='abcd' gender='abcd' yob='abcd' co='abcd' street='abcd' lm='abcd' loc='abcd' vtc='abcd' dist='abcd' state='abcd' pc='abcd'\\/>"}	2018-06-13 18:23:35	2018-06-13 18:23:35
135	NULL	{"content":"<PrintLetterBarcodeData uid='abcd' name='abcd' gender='abcd' yob='abcd' co='abcd' street='abcd' lm='abcd' loc='abcd' vtc='abcd' dist='abcd' state='abcd' pc='abcd'\\/>"}	2018-06-13 18:23:35	2018-06-13 18:23:35
136	NULL	{"content":"<PrintLetterBarcodeData uid='abcd' name='abcd' gender='abcd' yob='abcd' gname='abcd' lm='abcd' vtc='abcd' po='abcd' dist='abcd' subdist='abcd' state='abcd' pc='abcd' dob='abcd'\\/>"}	2018-06-13 18:50:23	2018-06-13 18:50:23
137	NULL	{"content":"<PrintLetterBarcodeData uid='abcd' name='abcd' gender='abcd' yob='abcd' co='abcd' lm='abcd' loc='abcd' vtc='abcd' dist='abcd' state='abcd' pc='abcd' dob='abcd'\\/>"}	2018-06-13 18:50:36	2018-06-13 18:50:36
138	NULL	{"content":"<PrintLetterBarcodeData uid='abcd' name='abcd' gender='abcd' yob='abcd' co='abcd' lm='abcd' loc='abcd' vtc='abcd' dist='abcd' state='abcd' pc='abcd' dob='abcd'\\/>"}	2018-06-13 09:20:36	2018-06-13 09:20:36
139	NULL	{"content":"<PrintLetterBarcodeData uid='abcd' name='abcd' gender='abcd' yob='abcd' gname='abcd' house='abcd' lm='abcd' vtc='abcd' po='abcd' dist='abcd' state='abcd' pc='abcd'\\/>"}	2018-06-13 09:29:31	2018-06-13 09:29:31
140	NULL	{"content":"<QDB n='abcd' u='abcd' g='abcd' m='abcd' d='abcd' a='abcd' x='abcd' s='abcd'\\/>"}	2018-06-13 09:38:16	2018-06-13 09:38:16
141	NULL	{"content":"<PrintLetterBarcodeData uid='abcd' name='abcd' gender='abcd' yob='abcd' gname='abcd' loc='abcd' vtc='abcd' po='abcd' dist='abcd' state='abcd' pc='abcd'\\/>"}	2018-06-13 19:39:49	2018-06-13 19:39:49
142	NULL	{"content":"<PrintLetterBarcodeData uid='abcd' name='abcd' gender='abcd' yob='abcd' lm='abcd' loc='abcd' vtc='abcd' dist='abcd' state='abcd' pc='abcd' dob='abcd'\\/>"}	2018-06-13 10:34:13	2018-06-13 10:34:13
143	NULL	{"content":"<PrintLetterBarcodeData uid='abcd' name='abcd' gender='abcd' yob='abcd' gname='abcd' lm='abcd' vtc='abcd' po='abcd' dist='abcd' state='abcd' pc='abcd' dob='abcd'\\/>"}	2018-06-13 10:45:59	2018-06-13 10:45:59
144	NULL	{"content":"<PrintLetterBarcodeData uid='abcd' name='abcd' gender='abcd' yob='abcd' house='abcd' lm='abcd' vtc='abcd' po='abcd' dist='abcd' subdist='abcd' state='abcd' pc='abcd' dob='abcd'\\/>"}	2018-06-13 11:14:10	2018-06-13 11:14:10
145	NULL	{"content":"<PrintLetterBarcodeData uid='abcd' name='abcd' gender='abcd' yob='abcd' house='abcd' lm='abcd' vtc='abcd' po='abcd' dist='abcd' subdist='abcd' state='abcd' pc='abcd' dob='abcd'\\/>"}	2018-06-13 11:14:10	2018-06-13 11:14:10
146	NULL	{"content":"<PrintLetterBarcodeData uid='abcd' name='abcd' gender='abcd' yob='abcd' co='abcd' house='abcd' street='abcd' lm='abcd' vtc='abcd' dist='abcd' state='abcd' pc='abcd'\\/>"}	2018-06-13 11:42:58	2018-06-13 11:42:58
147	NULL	{"content":"<PrintLetterBarcodeData uid='abcd' name='abcd' gender='abcd' yob='abcd' gname='abcd' co='abcd' street='abcd' lm='abcd' vtc='abcd' po='abcd' dist='abcd' subdist='abcd' state='abcd' pc='abcd' dob='abcd'\\/>"}	2018-06-13 11:49:12	2018-06-13 11:49:12
148	NULL	{"content":"<PrintLetterBarcodeData uid='abcd' name='abcd' gender='abcd' yob='abcd' gname='abcd' lm='abcd' loc='abcd' vtc='abcd' po='abcd' dist='abcd' state='abcd' pc='abcd'\\/>"}	2018-06-13 11:51:55	2018-06-13 11:51:55
149	NULL	{"content":"<PrintLetterBarcodeData uid='abcd' name='abcd' gender='abcd' yob='abcd' co='abcd' house='abcd' street='abcd' vtc='abcd' dist='abcd' state='abcd' pc='abcd'\\/>"}	2018-06-13 12:05:43	2018-06-13 12:05:43
150	NULL	{"content":"<PrintLetterBarcodeData uid='abcd' name='abcd' gender='abcd' yob='abcd' gname='abcd' co='abcd' house='abcd' street='abcd' lm='abcd' loc='abcd' vtc='abcd' po='abcd' dist='abcd' state='abcd' pc='abcd' dob='abcd'\\/>"}	2018-06-13 12:19:48	2018-06-13 12:19:48
151	NULL	{"content":"<PrintLetterBarcodeData uid='abcd' name='abcd' gender='abcd' yob='abcd' gname='abcd' co='abcd' house='abcd' lm='abcd' loc='abcd' vtc='abcd' dist='abcd' state='abcd' pc='abcd' dob='abcd'\\/>"}	2018-06-13 12:46:17	2018-06-13 12:46:17
152	NULL	{"content":"<PrintLetterBarcodeData uid='abcd' name='abcd' gender='abcd' yob='abcd' gname='abcd' co='abcd' house='abcd' lm='abcd' loc='abcd' vtc='abcd' dist='abcd' state='abcd' pc='abcd' dob='abcd'\\/>"}	2018-06-13 12:46:17	2018-06-13 12:46:17
153	NULL	{"content":"<PrintLetterBarcodeData uid='abcd' name='abcd' gender='abcd' yob='abcd' gname='abcd' co='abcd' house='abcd' lm='abcd' loc='abcd' vtc='abcd' dist='abcd' state='abcd' pc='abcd'\\/>"}	2018-06-13 12:47:15	2018-06-13 12:47:15
154	NULL	{"content":"<PrintLetterBarcodeData uid='abcd' name='abcd' gender='abcd' yob='abcd' gname='abcd' street='abcd' lm='abcd' loc='abcd' vtc='abcd' po='abcd' dist='abcd' state='abcd' pc='abcd' dob='abcd'\\/>"}	2018-06-13 12:47:18	2018-06-13 12:47:18
155	NULL	{"content":"<PrintLetterBarcodeData uid='abcd' name='abcd' gender='abcd' yob='abcd' house='abcd' street='abcd' vtc='abcd' po='abcd' dist='abcd' state='abcd' pc='abcd'\\/>"}	2018-06-13 13:17:51	2018-06-13 13:17:51
156	NULL	{"content":"<PrintLetterBarcodeData uid='abcd' name='abcd' gender='abcd' yob='abcd' house='abcd' street='abcd' loc='abcd' vtc='abcd' dist='abcd' state='abcd' pc='abcd'\\/>"}	2018-06-13 22:49:32	2018-06-13 22:49:32
157	NULL	{"content":"<PrintLetterBarcodeData uid='abcd' name='abcd' gender='abcd' yob='abcd' co='abcd' lm='abcd' loc='abcd' vtc='abcd' po='abcd' dist='abcd' state='abcd' pc='abcd' dob='abcd'\\/>"}	2018-06-13 13:33:55	2018-06-13 13:33:55
158	NULL	{"content":"<PrintLetterBarcodeData uid='abcd' name='abcd' gender='abcd' yob='abcd' co='abcd' house='abcd' loc='abcd' vtc='abcd' dist='abcd' state='abcd' pc='abcd' dob='abcd'\\/>"}	2018-06-13 23:09:15	2018-06-13 23:09:15
159	NULL	{"content":"<PrintLetterBarcodeData uid='abcd' name='abcd' gender='abcd' yob='abcd' co='abcd' loc='abcd' vtc='abcd' po='abcd' dist='abcd' subdist='abcd' state='abcd' pc='abcd'\\/>"}	2018-06-13 23:11:09	2018-06-13 23:11:09
160	NULL	{"content":"<PrintLetterBarcodeData uid='abcd' name='abcd' gender='abcd' yob='abcd' street='abcd' vtc='abcd' po='abcd' dist='abcd' subdist='abcd' state='abcd' pc='abcd' dob='abcd'\\/>"}	2018-06-13 23:57:16	2018-06-13 23:57:16
161	NULL	{"content":"<PrintLetterBarcodeData uid='abcd' name='abcd' gender='abcd' yob='abcd' co='abcd' house='abcd' lm='abcd' vtc='abcd' dist='abcd' subdist='abcd' state='abcd' pc='abcd'\\/>"}	2018-06-13 14:28:20	2018-06-13 14:28:20
162	NULL	{"content":"<PrintLetterBarcodeData uid='abcd' name='abcd' gender='abcd' yob='abcd' house='abcd' street='abcd' vtc='abcd' po='abcd' dist='abcd' subdist='abcd' state='abcd' pc='abcd' dob='abcd'\\/>"}	2018-06-14 00:26:18	2018-06-14 00:26:18
163	NULL	{"content":"<PrintLetterBarcodeData uid='abcd' name='abcd' gender='abcd' yob='abcd' gname='abcd' co='abcd' street='abcd' lm='abcd' loc='abcd' vtc='abcd' po='abcd' dist='abcd' subdist='abcd' state='abcd' pc='abcd'\\/>"}	2018-06-14 01:49:58	2018-06-14 01:49:58
164	NULL	{"content":"<PrintLetterBarcodeData uid='abcd' name='abcd' gender='abcd' yob='abcd' loc='abcd' vtc='abcd' po='abcd' dist='abcd' subdist='abcd' state='abcd' pc='abcd'\\/>"}	2018-06-14 03:10:22	2018-06-14 03:10:22
165	NULL	{"content":"<PrintLetterBarcodeData uid='abcd' name='abcd' gender='abcd' yob='abcd' gname='abcd' street='abcd' lm='abcd' vtc='abcd' po='abcd' dist='abcd' state='abcd' pc='abcd'\\/>"}	2018-06-13 21:20:56	2018-06-13 21:20:56
166	NULL	{"content":"<PrintLetterBarcodeData uid='abcd' name='abcd' gender='abcd' yob='abcd' gname='abcd' street='abcd' lm='abcd' vtc='abcd' po='abcd' dist='abcd' state='abcd' pc='abcd'\\/>"}	2018-06-13 21:20:56	2018-06-13 21:20:56
167	NULL	{"content":"<PrintLetterBarcodeData uid='abcd' name='abcd' gender='abcd' yob='abcd' gname='abcd' street='abcd' lm='abcd' vtc='abcd' po='abcd' dist='abcd' state='abcd' pc='abcd'\\/>"}	2018-06-14 06:50:56	2018-06-14 06:50:56
168	NULL	{"content":"<PrintLetterBarcodeData uid='abcd' name='abcd' gender='abcd' yob='abcd' gname='abcd' street='abcd' lm='abcd' vtc='abcd' po='abcd' dist='abcd' state='abcd' pc='abcd'\\/>"}	2018-06-14 06:50:56	2018-06-14 06:50:56
169	NULL	{"content":"<PrintLetterBarcodeData uid='abcd' name='abcd' gender='abcd' yob='abcd' gname='abcd' street='abcd' lm='abcd' vtc='abcd' po='abcd' dist='abcd' state='abcd' pc='abcd'\\/>"}	2018-06-13 21:20:56	2018-06-13 21:20:56
170	NULL	{"content":"<PrintLetterBarcodeData uid='abcd' name='abcd' gender='abcd' yob='abcd' co='abcd' house='abcd' lm='abcd' vtc='abcd' po='abcd' dist='abcd' state='abcd' pc='abcd'\\/>"}	2018-06-13 22:23:31	2018-06-13 22:23:31
171	NULL	{"content":"<PrintLetterBarcodeData uid='abcd' name='abcd' gender='abcd' yob='abcd' co='abcd' house='abcd' lm='abcd' vtc='abcd' po='abcd' dist='abcd' state='abcd' pc='abcd' dob='abcd'\\/>"}	2018-06-14 07:55:58	2018-06-14 07:55:58
172	NULL	{"content":"<PrintLetterBarcodeData uid='abcd' name='abcd' gender='abcd' yob='abcd' co='abcd' street='abcd' loc='abcd' vtc='abcd' po='abcd' dist='abcd' subdist='abcd' state='abcd' pc='abcd'\\/>"}	2018-06-14 08:04:41	2018-06-14 08:04:41
173	NULL	{"content":"<PrintLetterBarcodeData uid='abcd' name='abcd' gender='abcd' yob='abcd' gname='abcd' loc='abcd' vtc='abcd' dist='abcd' state='abcd' pc='abcd' dob='abcd'\\/>"}	2018-06-14 09:35:30	2018-06-14 09:35:30
174	NULL	{"content":"<PrintLetterBarcodeData uid='abcd' name='abcd' gender='abcd' yob='abcd' gname='abcd' loc='abcd' vtc='abcd' dist='abcd' state='abcd' pc='abcd' dob='abcd'\\/>"}	2018-06-14 09:35:30	2018-06-14 09:35:30
175	NULL	{"content":"<PrintLetterBarcodeData uid='abcd' name='abcd' gender='abcd' yob='abcd' gname='abcd' co='abcd' loc='abcd' vtc='abcd' dist='abcd' state='abcd' pc='abcd'\\/>"}	2018-06-14 00:12:44	2018-06-14 00:12:44
176	NULL	{"content":"<PrintLetterBarcodeData uid='abcd' name='abcd' gender='abcd' yob='abcd' house='abcd' street='abcd' lm='abcd' vtc='abcd' po='abcd' dist='abcd' subdist='abcd' state='abcd' pc='abcd'\\/>"}	2018-06-14 10:46:51	2018-06-14 10:46:51
177	NULL	{"content":"<PrintLetterBarcodeData uid='abcd' name='abcd' gender='abcd' yob='abcd' gname='abcd' co='abcd' loc='abcd' vtc='abcd' po='abcd' dist='abcd' state='abcd' pc='abcd'\\/>"}	2018-06-14 01:34:32	2018-06-14 01:34:32
178	NULL	{"content":"<PrintLetterBarcodeData uid='abcd' name='abcd' gender='abcd' yob='abcd' co='abcd' house='abcd' street='abcd' lm='abcd' vtc='abcd' dist='abcd' subdist='abcd' state='abcd' pc='abcd'\\/>"}	2018-06-14 11:20:03	2018-06-14 11:20:03
179	NULL	{"content":"<PrintLetterBarcodeData uid='abcd' name='abcd' gender='abcd' yob='abcd' house='abcd' loc='abcd' vtc='abcd' dist='abcd' state='abcd' pc='abcd' dob='abcd'\\/>"}	2018-06-14 01:53:19	2018-06-14 01:53:19
180	NULL	{"content":"<PrintLetterBarcodeData uid='abcd' name='abcd' gender='abcd' yob='abcd' gname='abcd' co='abcd' house='abcd' street='abcd' lm='abcd' loc='abcd' vtc='abcd' po='abcd' dist='abcd' state='abcd' pc='abcd'\\/>"}	2018-06-14 03:35:39	2018-06-14 03:35:39
181	NULL	{"content":"<PrintLetterBarcodeData uid='abcd' name='abcd' gender='abcd' yob='abcd' co='abcd' house='abcd' street='abcd' lm='abcd' vtc='abcd' dist='abcd' state='abcd' pc='abcd' dob='abcd'\\/>"}	2018-06-14 03:38:06	2018-06-14 03:38:06
182	NULL	{"content":"<PrintLetterBarcodeData uid='abcd' name='abcd' gender='abcd' yob='abcd' co='abcd' house='abcd' vtc='abcd' dist='abcd' state='abcd' pc='abcd' dob='abcd'\\/>"}	2018-06-14 13:16:38	2018-06-14 13:16:38
183	NULL	{"content":"<PrintLetterBarcodeData uid='abcd' name='abcd' gender='abcd' yob='abcd' house='abcd' street='abcd' lm='abcd' vtc='abcd' dist='abcd' state='abcd' pc='abcd' dob='abcd'\\/>"}	2018-06-14 13:22:53	2018-06-14 13:22:53
184	NULL	{"content":"<PrintLetterBarcodeData uid='abcd' name='abcd' gender='abcd' yob='abcd' gname='abcd' street='abcd' lm='abcd' vtc='abcd' po='abcd' dist='abcd' state='abcd' pc='abcd' dob='abcd'\\/>"}	2018-06-14 04:04:03	2018-06-14 04:04:03
185	NULL	{"content":"<PrintLetterBarcodeData uid='abcd' name='abcd' gender='abcd' yob='abcd' gname='abcd' street='abcd' lm='abcd' loc='abcd' vtc='abcd' dist='abcd' subdist='abcd' state='abcd' pc='abcd' dob='abcd'\\/>"}	2018-06-14 04:49:10	2018-06-14 04:49:10
186	NULL	{"content":"<PrintLetterBarcodeData uid='abcd' name='abcd' gender='abcd' yob='abcd' co='abcd' house='abcd' vtc='abcd' po='abcd' dist='abcd' state='abcd' pc='abcd'\\/>"}	2018-06-14 14:42:43	2018-06-14 14:42:43
187	NULL	{"content":"<PrintLetterBarcodeData uid='abcd' name='abcd' gender='abcd' yob='abcd' house='abcd' lm='abcd' loc='abcd' vtc='abcd' po='abcd' dist='abcd' state='abcd' pc='abcd'\\/>"}	2018-06-14 14:50:27	2018-06-14 14:50:27
188	NULL	{"content":"<PrintLetterBarcodeData uid='abcd' name='abcd' gender='abcd' yob='abcd' co='abcd' house='abcd' street='abcd' lm='abcd' loc='abcd' vtc='abcd' dist='abcd' subdist='abcd' state='abcd' pc='abcd'\\/>"}	2018-06-14 14:52:41	2018-06-14 14:52:41
189	NULL	{"content":"<PrintLetterBarcodeData uid='abcd' name='abcd' gender='abcd' yob='abcd' gname='abcd' house='abcd' street='abcd' vtc='abcd' po='abcd' dist='abcd' state='abcd' pc='abcd'\\/>"}	2018-06-14 14:55:25	2018-06-14 14:55:25
190	NULL	{"content":"<PrintLetterBarcodeData uid='abcd' name='abcd' gender='abcd' yob='abcd' gname='abcd' co='abcd' street='abcd' lm='abcd' vtc='abcd' dist='abcd' subdist='abcd' state='abcd' pc='abcd' dob='abcd'\\/>"}	2018-06-14 16:20:45	2018-06-14 16:20:45
191	NULL	{"content":"<PrintLetterBarcodeData uid='abcd' name='abcd' gender='abcd' yob='abcd' gname='abcd' house='abcd' lm='abcd' loc='abcd' vtc='abcd' po='abcd' dist='abcd' subdist='abcd' state='abcd' pc='abcd'\\/>"}	2018-06-14 06:53:17	2018-06-14 06:53:17
192	NULL	{"content":"<PrintLetterBarcodeData uid='abcd' name='abcd' gender='abcd' yob='abcd' house='abcd' street='abcd' lm='abcd' vtc='abcd' dist='abcd' state='abcd' pc='abcd'\\/>"}	2018-06-14 06:54:39	2018-06-14 06:54:39
193	NULL	{"content":"<PrintLetterBarcodeData uid='abcd' name='abcd' gender='abcd' yob='abcd' gname='abcd' co='abcd' house='abcd' street='abcd' loc='abcd' vtc='abcd' po='abcd' dist='abcd' state='abcd' pc='abcd'\\/>"}	2018-06-14 07:26:48	2018-06-14 07:26:48
194	NULL	{"content":"<PrintLetterBarcodeData uid='abcd' name='abcd' gender='abcd' yob='abcd' gname='abcd' co='abcd' house='abcd' street='abcd' lm='abcd' vtc='abcd' dist='abcd' subdist='abcd' state='abcd' pc='abcd'\\/>"}	2018-06-14 17:07:33	2018-06-14 17:07:33
195	NULL	{"content":"<PrintLetterBarcodeData uid='abcd' name='abcd' gender='abcd' yob='abcd' co='abcd' house='abcd' street='abcd' lm='abcd' vtc='abcd' dist='abcd' subdist='abcd' state='abcd' pc='abcd' dob='abcd'\\/>"}	2018-06-14 07:55:01	2018-06-14 07:55:01
196	NULL	{"content":"<PrintLetterBarcodeData uid='abcd' name='abcd' gender='abcd' yob='abcd' gname='abcd' house='abcd' street='abcd' lm='abcd' vtc='abcd' po='abcd' dist='abcd' state='abcd' pc='abcd' dob='abcd'\\/>"}	2018-06-14 08:12:59	2018-06-14 08:12:59
197	NULL	{"content":"<PrintLetterBarcodeData uid='abcd' name='abcd' gender='abcd' yob='abcd' loc='abcd' vtc='abcd' dist='abcd' state='abcd' pc='abcd'\\/>"}	2018-06-14 18:56:53	2018-06-14 18:56:53
198	NULL	{"content":"<PrintLetterBarcodeData uid='abcd' name='abcd' gender='abcd' yob='abcd' gname='abcd' loc='abcd' vtc='abcd' po='abcd' dist='abcd' state='abcd' pc='abcd' dob='abcd'\\/>"}	2018-06-14 09:27:32	2018-06-14 09:27:32
199	NULL	{"content":"<PrintLetterBarcodeData uid='abcd' name='abcd' gender='abcd' yob='abcd' co='abcd' vtc='abcd' dist='abcd' state='abcd' pc='abcd'\\/>"}	2018-06-14 19:51:18	2018-06-14 19:51:18
200	NULL	{"content":"<PrintLetterBarcodeData uid='abcd' name='abcd' gender='abcd' yob='abcd' gname='abcd' co='abcd' vtc='abcd' po='abcd' dist='abcd' state='abcd' pc='abcd'\\/>"}	2018-06-14 19:51:53	2018-06-14 19:51:53
201	NULL	{"content":"<PrintLetterBarcodeData uid='abcd' name='abcd' gender='abcd' yob='abcd' gname='abcd' co='abcd' vtc='abcd' po='abcd' dist='abcd' state='abcd' pc='abcd'\\/>"}	2018-06-14 10:21:53	2018-06-14 10:21:53
202	NULL	{"content":"<PrintLetterBarcodeData uid='abcd' name='abcd' gender='abcd' yob='abcd' house='abcd' street='abcd' lm='abcd' vtc='abcd' po='abcd' dist='abcd' state='abcd' pc='abcd'\\/>"}	2018-06-14 10:30:33	2018-06-14 10:30:33
203	NULL	{"content":"<PrintLetterBarcodeData uid='abcd' name='abcd' gender='abcd' yob='abcd' gname='abcd' house='abcd' street='abcd' vtc='abcd' dist='abcd' state='abcd' pc='abcd' dob='abcd'\\/>"}	2018-06-14 20:37:10	2018-06-14 20:37:10
204	NULL	{"content":"<PrintLetterBarcodeData uid='abcd' name='abcd' gender='abcd' yob='abcd' house='abcd' street='abcd' vtc='abcd' po='abcd' dist='abcd' state='abcd' pc='abcd' dob='abcd'\\/>"}	2018-06-14 20:51:33	2018-06-14 20:51:33
205	NULL	{"content":"<PrintLetterBarcodeData uid='abcd' name='abcd' gender='abcd' yob='abcd' co='abcd' house='abcd' street='abcd' loc='abcd' vtc='abcd' dist='abcd' subdist='abcd' state='abcd' pc='abcd'\\/>"}	2018-06-14 11:22:33	2018-06-14 11:22:33
206	NULL	{"content":"<PrintLetterBarcodeData uid='abcd' name='abcd' gender='abcd' yob='abcd' gname='abcd' co='abcd' loc='abcd' vtc='abcd' po='abcd' dist='abcd' subdist='abcd' state='abcd' pc='abcd' dob='abcd'\\/>"}	2018-06-14 23:32:01	2018-06-14 23:32:01
207	NULL	{"content":"<PrintLetterBarcodeData uid='abcd' name='abcd' gender='abcd' dateOfBirth='abcd' careOf='abcd' building='abcd' street='abcd' landmark='abcd' locality='abcd' vtcName='abcd' poName='abcd' districtName='abcd' stateName='abcd' pincode='abcd'\\/>"}	2018-06-14 14:17:34	2018-06-14 14:17:34
208	NULL	{"content":"<PrintLetterBarcodeData uid='abcd' name='abcd' gender='abcd' yob='abcd' gname='abcd' house='abcd' street='abcd' lm='abcd' loc='abcd' vtc='abcd' dist='abcd' state='abcd' pc='abcd'\\/>"}	2018-06-14 14:19:13	2018-06-14 14:19:13
209	NULL	{"content":"<PrintLetterBarcodeData uid='abcd' name='abcd' gender='abcd' yob='abcd' gname='abcd' house='abcd' vtc='abcd' po='abcd' dist='abcd' subdist='abcd' state='abcd' pc='abcd' dob='abcd'\\/>"}	2018-06-14 15:28:37	2018-06-14 15:28:37
210	NULL	{"content":"<PrintLetterBarcodeData uid='abcd' name='abcd' gender='abcd' yob='abcd' co='abcd' street='abcd' loc='abcd' vtc='abcd' po='abcd' dist='abcd' subdist='abcd' state='abcd' pc='abcd' dob='abcd'\\/>"}	2018-06-14 15:40:36	2018-06-14 15:40:36
211	NULL	{"content":"<PrintLetterBarcodeData uid='abcd' name='abcd' gender='abcd' yob='abcd' co='abcd' house='abcd' street='abcd' loc='abcd' vtc='abcd' dist='abcd' subdist='abcd' state='abcd' pc='abcd' dob='abcd'\\/>"}	2018-06-14 21:35:13	2018-06-14 21:35:13
212	NULL	{"content":"<PrintLetterBarcodeData uid='abcd' name='abcd' gender='abcd' yob='abcd' lm='abcd' vtc='abcd' po='abcd' dist='abcd' subdist='abcd' state='abcd' pc='abcd' dob='abcd'\\/>"}	2018-06-14 22:31:51	2018-06-14 22:31:51
213	NULL	{"content":"<PrintLetterBarcodeData uid='abcd' name='abcd' gender='abcd' yob='abcd' co='abcd' house='abcd' street='abcd' vtc='abcd' dist='abcd' state='abcd' pc='abcd' dob='abcd'\\/>"}	2018-06-14 23:32:51	2018-06-14 23:32:51
214	NULL	{"content":"<PrintLetterBarcodeData uid='abcd' name='abcd' gender='abcd' yob='abcd' gname='abcd' vtc='abcd' po='abcd' dist='abcd' state='abcd' pc='abcd' dob='abcd'\\/>"}	2018-06-15 00:03:17	2018-06-15 00:03:17
215	NULL	{"content":"<PrintLetterBarcodeData uid='abcd' name='abcd' gender='abcd' yob='abcd' gname='abcd' co='abcd' house='abcd' street='abcd' loc='abcd' vtc='abcd' po='abcd' dist='abcd' state='abcd' pc='abcd' dob='abcd'\\/>"}	2018-06-15 10:53:40	2018-06-15 10:53:40
